pollutantCode,Facility_INSPIRE_ID,parentCompanyName,nameOfFeature,countryCode,NUTSRegionSourceCode,NUTSRegionSourceName,city,pointGeometryLat,pointGeometryLon,mainActivityCode,mainActivityName,reportingYear,totalPollutantQuantityKg,methodCode,methodName,rn,emissions_tco2,geometry
CO2,CY.CAED/0060500000.FACILITY,VASSILIKO CEMENT WORKS PUBLIC COMPANY LTD,"VASSILIKO CEMENT WORKS PUBLIC COMPANY LTD, Vassilikos Plant",CY,CY000,Κύπρος,LARNAKA,34.7217,33.3164,3(c)(i),Installations for the production of cement clinker in rotary kilns,2023,1370000000,C,Calculated: calculation method used,1,1370000,POINT (33.3164 34.7217)
CO2,CY.CAED/0030030000.FACILITY,Electricity Authority of Cyprus,"Electricity Authority of Cyprus, Vassilikos Power Station",CY,CY000,Κύπρος,LARNAKA,34.7285,33.2898,1(c),Thermal power stations and other combustion installations,2023,1870000000,C,Calculated: calculation method used,1,1870000,POINT (33.2898 34.7285)
CO2,CY.CAED/0020020000.FACILITY,Electricity Authority of Cyprus,"Electricity Authority of Cyprus, Dhekelia Power Station",CY,CY000,Κύπρος,LARNAKA,34.9801,33.7462,1(c),Thermal power stations and other combustion installations,2023,1130000000,C,Calculated: calculation method used,1,1130000,POINT (33.7462 34.9801)
CO2,EL.CAED/100037.FACILITY,PPC S.A.,PPC S.A. SES ATHERINOLAKKOY,GR,EL432,Λασίθι,LEFKI,35.00491,26.13804,1(c),Thermal power stations and other combustion installations,2024,710000000,C,Calculated: calculation method used,1,710000,POINT (26.13804 35.00491)
CO2,EL.CAED/100020.FACILITY,PPC S.A.,PPC S.A. SES LINOPERAMATON,GR,EL431,Ηράκλειο,GAZI,35.34118,25.05117,1(c),Thermal power stations and other combustion installations,2024,446000000,C,Calculated: calculation method used,1,446000,POINT (25.05117 35.34118)
CO2,EL.CAED/100626.FACILITY,PPC S.A.,PPC S.A. SOUTHERN RHODES TPP,GR,EL421,"Κάλυμνος, Κάρπαθος – Ηρωική Νήσος Κάσος, Κως, Ρόδος",KATTAVIA,35.91697,27.77893,1(c),Thermal power stations and other combustion installations,2024,271000000,C,Calculated: calculation method used,1,271000,POINT (27.77893 35.91697)
CO2,EL.CAED/100039.FACILITY,PPC S.A.,PPC S.A. SES CHANION (ex PPC S.A. SES HANION),GR,EL434,Χανιά,CHANIA,35.48812,24.03834,1(c),Thermal power stations and other combustion installations,2024,253000000,C,Calculated: calculation method used,1,253000,POINT (24.03834 35.48812)
CO2,EL.CAED/100072.FACILITY,PPC S.A.,"PPC S.A. SES MEGALOPOLIS, UNIT V",GR,EL651,"Αργολίδα, Αρκαδία",MEGALOPOLI,37.41566,22.06661,1(c),Thermal power stations and other combustion installations,2024,1091000000,C,Calculated: calculation method used,1,1091000,POINT (22.06661 37.41566)
CO2,EL.CAED/100687.FACILITY,PPC S.A.,PPC S.A. LIGNITIKI MEGALOPOLIS (SES UNIT ΙV),GR,EL651,"Αργολίδα, Αρκαδία",MEGALOPOLI,37.41566,22.06661,1(c),Thermal power stations and other combustion installations,2023,642000000,C,Calculated: calculation method used,1,642000,POINT (22.06661 37.41566)
CO2,EL.CAED/100004.FACILITY,PPC S.A.,PPC S.A. SES KERATEAS-LAYRIOY,GR,EL305,Ανατολική Αττική,KERATEA,37.74695,24.06633,1(c),Thermal power stations and other combustion installations,2024,1030000000,C,Calculated: calculation method used,1,1030000,POINT (24.06633 37.74695)
CO2,EL.CAED/100066.FACILITY,MOTOR OIL HELLLAS-CORINTH REFINERIES S.A.,MOTOR OIL HELLLAS-CORINTH REFINERIES S.A.,GR,EL652,Κορινθία,"SOUSSAKI, AG. THEODORI",37.91778,23.07361,1(a),Mineral oil and gas refineries,2024,2088000000,C,Calculated: calculation method used,1,2088000,POINT (23.07361 37.91778)
CO2,EL.CAED/100100.FACILITY,KORINTHOS POWER S.A.,KORINTHOS POWER S.A.,GR,EL652,Κορινθία,"SOUSSAKI, AG. THEODORI",37.92361,23.06881,1(c),Thermal power stations and other combustion installations,2024,623000000,C,Calculated: calculation method used,1,623000,POINT (23.06881 37.92361)
CO2,EL.CAED/100053.FACILITY,HELLENIC PETROLEUM HOLDINGS S.A.,HELLENIC PETROLEUM R.S.S.O.P.P. S.A. - INDUSTRIAL DIVISION OF ASPROPYRGOS,GR,EL306,Δυτική Αττική,ASPROPYRGOS,38.03236,23.60276,1(a),Mineral oil and gas refineries,2024,1440000000,M,Measured: analytical method used,1,1440000,POINT (23.60276 38.03236)
CO2,EL.CAED/100074.FACILITY,HEIDELBERG MATERIALS HELLAS S.A.,HEIDELBERG MATERIALS HELLAS S.A.,GR,EL306,Δυτική Αττική,ASPROPYRGOS,38.03679,23.59286,3(c)(i),Installations for the production of cement clinker in rotary kilns,2024,180600000,C,Calculated: calculation method used,1,180600,POINT (23.59286 38.03679)
CO2,EL.CAED/100058.FACILITY,HELLENIC PETROLEUM HOLDINGS S.A.,HELLENIC PETROLEUM R.S.S.O.P.P. S.A. –SOUTH REFINERIES COMPLEX – ELEFSIS INDUSTRIAL FACILITIES,GR,EL306,Δυτική Αττική,ELEFSIS,38.04222,23.51083,1(a),Mineral oil and gas refineries,2024,2100000000,C,Calculated: calculation method used,1,2100000,POINT (23.51083 38.04222)
CO2,EL.CAED/100076.FACILITY,TITAN CEMENT S.A.,TITAN CEMENT S.A. - KAMARI PLANT,GR,EL641,Βοιωτία,"KAMARI, DERVENOCHORIA",38.13018,23.52458,3(c)(i),Installations for the production of cement clinker in rotary kilns,2024,1186000000,C,Calculated: calculation method used,1,1186000,POINT (23.52458 38.13018)
CO2,EL.CAED/100009.FACILITY,PPC S.A.,PPC S.A. SES RODOY,GR,EL421,"Κάλυμνος, Κάρπαθος – Ηρωική Νήσος Κάσος, Κως, Ρόδος",SORONI,36.37757,28.01736,1(c),Thermal power stations and other combustion installations,2024,299000000,C,Calculated: calculation method used,1,299000,POINT (28.01736 36.37757)
CO2,EL.CAED/100083.FACILITY,PPC S.A.,PPC S.A. - AES THIRA,GR,EL422,"Άνδρος, Θήρα, Κέα, Μήλος, Μύκονος, Νάξος, Πάρος, Σύρος, Τήνος",THIRAS,36.41309,25.47789,1(c),Thermal power stations and other combustion installations,2024,223000000,C,Calculated: calculation method used,1,223000,POINT (25.47789 36.41309)
CO2,EL.CAED/100015.FACILITY,PPC S.A.,PPC S.A. AES KOS,GR,EL421,"Κάλυμνος, Κάρπαθος – Ηρωική Νήσος Κάσος, Κως, Ρόδος","SOUTH AEGEAN, KOS",36.82242,27.04849,1(c),Thermal power stations and other combustion installations,2024,217000000,C,Calculated: calculation method used,1,217000,POINT (27.04849 36.82242)
CO2,EL.CAED/100046.FACILITY,PPC S.A.,PPC S.A. AES CHIOS,GR,EL413,Χίος,"NORTH AEGEAN, CHIOS",38.33126,26.15408,1(c),Thermal power stations and other combustion installations,2024,107000000,C,Calculated: calculation method used,1,107000,POINT (26.15408 38.33126)
CO2,EL.CAED/100093.FACILITY,PPC S.A.,PPC S.A. AES LESVOS,GR,EL411,"Λέσβος, Λήμνος","NORTH AEGEAN, LESVOS",39.11857,26.54913,1(c),Thermal power stations and other combustion installations,2024,153000000,C,Calculated: calculation method used,1,153000,POINT (26.54913 39.11857)
CO2,EL.CAED/100095.FACILITY,PPC S.A.,PPC S.A. SES KOMOTINIS,GR,EL513,Ροδόπη,KOMOTINI,41.06447,25.48961,1(c),Thermal power stations and other combustion installations,2024,298000000,C,Calculated: calculation method used,1,298000,POINT (25.48961 41.06447)
CO2,BG.CAED/009000012.FACILITY,“ЕВН БЪЛГАРИЯ ТОПЛОФИКАЦИЯ” ЕАД,Plovdiv North power station,BG,BG421,Пловдив,Пловдив,42.183806,24.740972,1(c),Thermal power stations and other combustion installations,2023,134964000,C,Calculated: calculation method used,1,134964,POINT (24.740972 42.183806)
CO2,EL.CAED/100089.FACILITY,ELPEDISON POWER GENERATION SINGLE MEMBER,ELPEDISON S.A.- THISVI POWER PLANT,GR,EL641,Βοιωτία,THISVI,38.23702,22.9489,1(c),Thermal power stations and other combustion installations,2024,466000000,C,Calculated: calculation method used,1,466000,POINT (22.9489 38.23702)
CO2,EL.CAED/100090.FACILITY,GEK TERNA S.A.,HERON ENERGY S.A. (HERON II),GR,EL641,Βοιωτία,THIVA,38.27949,23.32946,1(c),Thermal power stations and other combustion installations,2024,691000000,M,Measured: analytical method used,1,691000,POINT (23.32946 38.27949)
CO2,EL.CAED/100075.FACILITY,TITAN CEMENT S.A.,TITAN CEMENT S.A. - DREPANO PLANT,GR,EL632,Αχαΐα,RION,38.33557,21.84543,3(c)(i),Installations for the production of cement clinker in rotary kilns,2024,552000000,C,Calculated: calculation method used,1,552000,POINT (21.84543 38.33557)
CO2,EL.CAED/100088.FACILITY,METLEN ENERGY & METALS S.A.,METLEN ENERGY & METALS S.A. (PROTERGIA POWER PLANT),GR,EL641,Βοιωτία,DISTOMO,38.35739,22.68859,1(c),Thermal power stations and other combustion installations,2024,660700000,C,Calculated: calculation method used,1,660700,POINT (22.68859 38.35739)
CO2,EL.CAED/100078.FACILITY,LAFARGEHOLCIM GROUP OF COMPANIES,"HERACLES G.C.Co, MILAKI PLANT",GR,EL642,Εύβοια,ALIVERI,38.37488,24.06393,3(c)(i),Installations for the production of cement clinker in rotary kilns,2024,100000000,C,Calculated: calculation method used,1,100000,POINT (24.06393 38.37488)
CO2,EL.CAED/100017.FACILITY,PPC S.A.,PPC S.A. SES ALIVERIOY,GR,EL642,Εύβοια,TAMINEI,38.38992,24.05234,1(c),Thermal power stations and other combustion installations,2024,645000000,C,Calculated: calculation method used,1,645000,POINT (24.05234 38.38992)
CO2,EL.CAED/100080.FACILITY,LAFARGEHOLCIM GROUP OF COMPANIES,"HERACLES G.C.Co, VOLOS PLANT",GR,EL613,"Μαγνησία, Σποράδες",PORTARIA,39.35171,22.9845,3(c)(i),Installations for the production of cement clinker in rotary kilns,2024,1031000000,C,Calculated: calculation method used,1,1031000,POINT (22.9845 39.35171)
CO2,EL.CAED/100029.FACILITY,PPC S.A.,PPC S.A. SES AGIOY DHMHTRIOY,GR,EL531,"Γρεβενά, Κοζάνη","AGIOS DIMITRIOS, ELLISPONTOS",40.3921,21.92941,1(c),Thermal power stations and other combustion installations,2024,2730000000,C,Calculated: calculation method used,1,2730000,POINT (21.92941 40.3921)
CO2,EL.CAED/100748.FACILITY,PPC S.A.,PPC S.A. PTOLEMAIS V,GR,EL531,"Γρεβενά, Κοζάνη",PTOLEMAIS,40.48797,21.77415,1(c),Thermal power stations and other combustion installations,2024,1230000000,C,Calculated: calculation method used,1,1230000,POINT (21.77415 40.48797)
CO2,EL.CAED/100062.FACILITY,HELLENIC PETROLEUM HOLDINGS S.A.,HELLENIC PETROLEUM R.S.S.O.P.P. S.A. - THESSALONIKI INDUSTRIAL COMPLEX,GR,EL522,Θεσσαλονίκη,ECHEDOROS,40.67952,22.87819,1(a),Mineral oil and gas refineries,2024,300000000,C,Calculated: calculation method used,1,300000,POINT (22.87819 40.67952)
CO2,EL.CAED/100082.FACILITY,ELPEDISON POWER GENERATION SINGLE MEMBER,ELPEDISON S.A. -THESSALONIKI POWER PLANT,GR,EL522,Θεσσαλονίκη,THESSALONIKI,40.68713,22.8853,1(c),Thermal power stations and other combustion installations,2024,576000000,C,Calculated: calculation method used,1,576000,POINT (22.8853 40.68713)
CO2,EL.CAED/100079.FACILITY,TITAN CEMENT S.A.,TITAN CEMENT S.A. - THESSALONIKI PLANT,GR,EL522,Θεσσαλονίκη,EYKARPIA,40.6991,22.9532,3(c)(i),Installations for the production of cement clinker in rotary kilns,2024,606000000,C,Calculated: calculation method used,1,606000,POINT (22.9532 40.6991)
CO2,EL.CAED/100099.FACILITY,PPC S.A.,PPC S.A. LIGNITIKI MELITIS (UNIT I),GR,EL533,Φλώρινα,FLORINA,40.81402,21.59829,1(c),Thermal power stations and other combustion installations,2024,288000000,C,Calculated: calculation method used,1,288000,POINT (21.59829 40.81402)
CO2,IT.CAED/888311001.FACILITY,Ergosud S.p.A,Centrale di Scandale,IT,ITF62,Crotone,SCANDALE,39.1022,17.0326,1(c),Thermal power stations and other combustion installations,2023,486892000,C,Calculated: calculation method used,1,486892,POINT (17.0326 39.1022)
CO2,IT.CAED/730132001.FACILITY,COLACEM S.P.A.,COLACEM S.P.A. - CEMENTERIA DI GALATINA,IT,ITF45,Lecce,GALATINA,40.1678,18.1997,3(c),"Installations for the production of cement clinker in rotary kilns, lime in rotary kilns, cement or lime in other furnaces. Note to reporters, use Level 3 activity e.g. 3(c)(i), in preference to 3(c). Level 2 activity class (i.e. 3(c)) only to be used where Level 3 is not available.",2023,192643000,C,Calculated: calculation method used,1,192643,POINT (18.1997 40.1678)
CO2,IT.CAED/741231002.FACILITY,Eni S.p.A.,RAFFINERIA DI TARANTO,IT,ITF43,Taranto,TARANTO,40.4892,17.193,1(a),Mineral oil and gas refineries,2023,961834660,C,Calculated: calculation method used,1,961834.66,POINT (17.193 40.4892)
CO2,IT.CAED/741231003.FACILITY,AdI ENERGIA SRL  (ex ARCELORMITTAL ITALY ENERGY SRL),CENTRALE TERMOELETTRICA DI TARANTO,IT,ITF43,Taranto,TARANTO,40.5108,17.2152,1(c),Thermal power stations and other combustion installations,2023,3515574630,C,Calculated: calculation method used,1,3515574.63,POINT (17.2152 40.5108)
CO2,IT.CAED/721001002.FACILITY,Enel Produzione S.p.A.,"Centrale Termoelettrica ""Federico II""",IT,ITF44,Brindisi,BRINDISI,40.5638,18.0321,1(c),Thermal power stations and other combustion installations,2023,3253144400,M,Measured: analytical method used,1,3253144.4,POINT (18.0321 40.5638)
CO2,IT.CAED/721001004.FACILITY,Versalis S.p.A.,Versalis S.p.A.,IT,ITF44,Brindisi,BRINDISI,40.6395,18.0022,4(a),"Chemical installations for the production on an industrial scale of basic organic chemicals. Note to reporters, use Level 3 activity e.g. 4(a)(iii), in preference to 4(a). Level 2 activity class (i.e. 4(a)) only to be used where Level 3 is not available.",2023,391612230,C,Calculated: calculation method used,1,391612.23,POINT (18.0022 40.6395)
CO2,IT.CAED/700261001.FACILITY,SORGENIA PUGLIA S.p.A.,CENTRALE A CICLO COMBINATO DI MODUGNO,IT,ITF47,Bari,MODUGNO,41.1024,16.7564,1(c),Thermal power stations and other combustion installations,2023,191008606.8,C,Calculated: calculation method used,1,191008.6068,POINT (16.7564 41.1024)
CO2,IT.CAED/971002002.FACILITY,COLACEM S.P.A.,Ragusa Cementi,IT,ITG18,Ragusa,RAGUSA,36.903056,14.725278,3(c),"Installations for the production of cement clinker in rotary kilns, lime in rotary kilns, cement or lime in other furnaces. Note to reporters, use Level 3 activity e.g. 3(c)(i), in preference to 3(c). Level 2 activity class (i.e. 3(c)) only to be used where Level 3 is not available.",2023,281353000,C,Calculated: calculation method used,1,281353,POINT (14.725278 36.903056)
CO2,IT.CAED/930121001.FACILITY,Bioraffineria di Gela S.p.A  (ex RAFFINERIA di Gela SpA),Bioraffineria di Gela S.p.A  (ex RAFFINERIA di Gela SpA),IT,ITG15,Caltanissetta,GELA,37.0554,14.2772,4(a),"Chemical installations for the production on an industrial scale of basic organic chemicals. Note to reporters, use Level 3 activity e.g. 4(a)(iii), in preference to 4(a). Level 2 activity class (i.e. 4(a)) only to be used where Level 3 is not available.",2023,211194000,C,Calculated: calculation method used,1,211194,POINT (14.2772 37.0554)
CO2,IT.CAED/960101002.FACILITY,ISAB S.r.l,ISAB S.r.l.-IGCC,IT,ITG19,Siracusa,PRIOLO GARGALLO,37.1291,15.2022,1(c),Thermal power stations and other combustion installations,2023,1738309000,M,Measured: analytical method used,1,1738309,POINT (15.2022 37.1291)
CO2,IT.CAED/961003163.FACILITY,ISAB S.r.l,Raffineria ISAB Impianti SUD,IT,ITG19,Siracusa,PRIOLO GARGALLO,37.135556,15.219444,1(a),Mineral oil and gas refineries,2023,1420855000,C,Calculated: calculation method used,1,1420855,POINT (15.219444 37.135556)
CO2,IT.CAED/960101003.FACILITY,Enel Produzione S.p.A.,"ENEL PRODUZIONE SPA - CENTRALE ""ARCHIMEDE"" DI PRIOLO GARGALLO",IT,ITG19,Siracusa,PRIOLO GARGALLO,37.1399,15.2164,1(c),Thermal power stations and other combustion installations,2023,302513000,C,Calculated: calculation method used,1,302513,POINT (15.2164 37.1399)
CO2,IT.CAED/960101007.FACILITY,Versalis S.p.A.,Versalis S.p.A.,IT,ITG19,Siracusa,PRIOLO GARGALLO,37.167,15.1973,4(a),"Chemical installations for the production on an industrial scale of basic organic chemicals. Note to reporters, use Level 3 activity e.g. 4(a)(iii), in preference to 4(a). Level 2 activity class (i.e. 4(a)) only to be used where Level 3 is not available.",2023,799942040,C,Calculated: calculation method used,1,799942.04,POINT (15.1973 37.167)
CO2,IT.CAED/960101005.FACILITY,ISAB S.r.l,Raffineria ISAB Impianti NORD,IT,ITG19,Siracusa,PRIOLO GARGALLO,37.1791,15.1825,1(a),Mineral oil and gas refineries,2023,496580000,C,Calculated: calculation method used,1,496580,POINT (15.1825 37.1791)
CO2,IT.CAED/960101001.FACILITY,B2G Sicily S.r.l. (ex ERG Power Srl),ERG Power Impianti Nord,IT,ITG19,Siracusa,PRIOLO GARGALLO,37.1791,15.1825,1(c),Thermal power stations and other combustion installations,2023,882512308.8,M,Measured: analytical method used,1,882512.3088,POINT (15.1825 37.1791)
CO2,IT.CAED/960112003.FACILITY,BUZZI UNICEM SPA,CEMENTERIA DI AUGUSTA,IT,ITG19,Siracusa,AUGUSTA,37.194444,15.180555,3(c),"Installations for the production of cement clinker in rotary kilns, lime in rotary kilns, cement or lime in other furnaces. Note to reporters, use Level 3 activity e.g. 3(c)(i), in preference to 3(c). Level 2 activity class (i.e. 3(c)) only to be used where Level 3 is not available.",2023,395619441,C,Calculated: calculation method used,1,395619.441,POINT (15.180555 37.194444)
CO2,IT.CAED/960101006.FACILITY,SASOL ITALY ENERGIA SRL,SASOL ITALY ENERGIA SRL,IT,ITG19,Siracusa,Augusta,37.2191,15.1752,4(a),"Chemical installations for the production on an industrial scale of basic organic chemicals. Note to reporters, use Level 3 activity e.g. 4(a)(iii), in preference to 4(a). Level 2 activity class (i.e. 4(a)) only to be used where Level 3 is not available.",2023,261391000,C,Calculated: calculation method used,1,261391,POINT (15.1752 37.2191)
CO2,IT.CAED/960111001.FACILITY,Sonatrach Raffineria Italiana S.r.l. con socio unico,Sonatrach Raffineria Italiana-Raffineria di Augusta,IT,ITG19,Siracusa,AUGUSTA,37.2216,15.1905,1(a),Mineral oil and gas refineries,2023,2034384489,C,Calculated: calculation method used,1,2034384.489,POINT (15.1905 37.2216)
CO2,IT.CAED/941002002.FACILITY,SPER S.p.a.,SPER S.p.a. Enna,IT,ITG16,Enna,Enna,37.5425,14.441111,1(c),Thermal power stations and other combustion installations,2023,124029800,M,Measured: analytical method used,1,124029.8,POINT (14.441111 37.5425)
CO2,IT.CAED/980571002.FACILITY,Raffineria di Milazzo S.C.p.A.,Termica Milazzo S.r.l.,IT,ITG13,Messina,MILAZZO,38.1977,15.268,1(c),Thermal power stations and other combustion installations,2023,344103000,C,Calculated: calculation method used,1,344103,POINT (15.268 38.1977)
CO2,IT.CAED/980441001.FACILITY,A2A Energiefuture S.p.A.,CENTRALE TERMOELETTRICA DI SAN FILIPPO DEL MELA,IT,ITG13,Messina,SAN FILIPPO DEL MELA,38.2019,15.2808,1(c),Thermal power stations and other combustion installations,2023,1050289989,C,Calculated: calculation method used,1,1050289.989,POINT (15.2808 38.2019)
CO2,IT.CAED/980571001.FACILITY,ENI - Kupit,Raffineria di Milazzo S.C.p.A.,IT,ITG13,Messina,MILAZZO,38.2027,15.2723,1(a),Mineral oil and gas refineries,2023,2254404000,C,Calculated: calculation method used,1,2254404,POINT (15.2723 38.2027)
CO2,IT.CAED/981491001.FACILITY,SNAM Rete Gas,Centrale compressione gas di Messina,IT,ITG13,Messina,MESSINA,38.274,15.6048,1(c),Thermal power stations and other combustion installations,2023,151061000,C,Calculated: calculation method used,1,151061,POINT (15.6048 38.274)
CO2,IT.CAED/890161001.FACILITY,Rizziconi Energia S.p.A.,Rizziconi Energia S.p.A.,IT,ITF65,Reggio di Calabria,RIZZICONI,38.4408,15.9735,1(c),Thermal power stations and other combustion installations,2023,417071000,M,Measured: analytical method used,1,417071,POINT (15.9735 38.4408)
CO2,IT.CAED/880501001.FACILITY,Edison S.p.A.,CENTRALE TERMOELETTRICA DI SIMERI CRICHI,IT,ITF63,Catanzaro,SIMERI CRICHI,38.875,16.6566,1(c),Thermal power stations and other combustion installations,2023,1497053000,C,Calculated: calculation method used,1,1497053,POINT (16.6566 38.875)
CO2,IT.CAED/880442001.FACILITY,CAL.ME. Spa,CAL.ME. Spa,IT,ITF63,Catanzaro,Marcellinara,38.9141,16.4489,3(c),"Installations for the production of cement clinker in rotary kilns, lime in rotary kilns, cement or lime in other furnaces. Note to reporters, use Level 3 activity e.g. 3(c)(i), in preference to 3(c). Level 2 activity class (i.e. 3(c)) only to be used where Level 3 is not available.",2023,164080580,C,Calculated: calculation method used,1,164080.58,POINT (16.4489 38.9141)
CO2,IT.CAED/870421001.FACILITY,Edison S.p.A.,CENTRALE TERMOELETTRICA DI ALTOMONTE,IT,ITF61,Cosenza,ALTOMONTE,39.7111,16.2147,1(c),Thermal power stations and other combustion installations,2023,986234000,C,Calculated: calculation method used,1,986234,POINT (16.2147 39.7111)
CO2,IT.CAED/900181001.FACILITY,Enel Produzione S.p.A.,Power Plant South - Impianto di Termini Imerese - Centrale Ettore Majorana,IT,ITG12,Palermo,TERMINI IMERESE,37.9691,13.7483,1(c),Thermal power stations and other combustion installations,2023,1299513320,C,Calculated: calculation method used,1,1299513.32,POINT (13.7483 37.9691)
CO2,IT.CAED/900402001.FACILITY,Italcementi SpA,Italcementi di Isola delle Femmine,IT,ITG12,Palermo,ISOLA DELLE FEMMINE,38.190833,13.2503,3(c),"Installations for the production of cement clinker in rotary kilns, lime in rotary kilns, cement or lime in other furnaces. Note to reporters, use Level 3 activity e.g. 3(c)(i), in preference to 3(c). Level 2 activity class (i.e. 3(c)) only to be used where Level 3 is not available.",2023,263673000,C,Calculated: calculation method used,1,263673,POINT (13.2503 38.190833)
CO2,IT.CAED/040111001.FACILITY,Sorgenia Power S.p.A.,CENTRALE A CICLO COMBINATO DI APRILIA,IT,ITI44,Latina,APRILIA,41.5494,12.6308,1(c),Thermal power stations and other combustion installations,2023,436978906.1,C,Calculated: calculation method used,1,436978.9061,POINT (12.6308 41.5494)
CO2,IT.CAED/000342001.FACILITY,Heidelberg Materials Italia Cementi S.p.A. (ex ITALCEMENTI SPA),Heidelberg Materials Italia Cementi S.p.A. (ex ITALCEMENTI SPA),IT,ITI43,Roma,COLLEFERRO,41.7367,13.0042,3(c),"Installations for the production of cement clinker in rotary kilns, lime in rotary kilns, cement or lime in other furnaces. Note to reporters, use Level 3 activity e.g. 3(c)(i), in preference to 3(c). Level 2 activity class (i.e. 3(c)) only to be used where Level 3 is not available.",2023,326434000,C,Calculated: calculation method used,1,326434,POINT (13.0042 41.7367)
CO2,IT.CAED/000122001.FACILITY,BUZZI UNICEM s.r.l.,CEMENTERIA DI GUIDONIA,IT,ITI43,Roma,GUIDONIA MONTECELIO,42.0001,12.7167,3(c),"Installations for the production of cement clinker in rotary kilns, lime in rotary kilns, cement or lime in other furnaces. Note to reporters, use Level 3 activity e.g. 3(c)(i), in preference to 3(c). Level 2 activity class (i.e. 3(c)) only to be used where Level 3 is not available.",2023,383770349,C,Calculated: calculation method used,1,383770.349,POINT (12.7167 42.0001)
CO2,IT.CAED/010351001.FACILITY,SNAM Rete Gas,Centrale compressione gas di Gallese,IT,ITI41,Viterbo,GALLESE,42.3621,12.4432,1(c),Thermal power stations and other combustion installations,2023,102855000,C,Calculated: calculation method used,1,102855,POINT (12.4432 42.3621)
CO2,IT.CAED/670123158.FACILITY,ITALSACCI S.p.A.,ITALSACCI S.p.A.,IT,ITF11,L’Aquila,Cagnano Amiterno,42.463755,13.258717,3(c),"Installations for the production of cement clinker in rotary kilns, lime in rotary kilns, cement or lime in other furnaces. Note to reporters, use Level 3 activity e.g. 3(c)(i), in preference to 3(c). Level 2 activity class (i.e. 3(c)) only to be used where Level 3 is not available.",2023,173950000,C,Calculated: calculation method used,1,173950,POINT (13.258717 42.463755)
CO2,IT.CAED/050352007.FACILITY,UNICALCE S.P.A.,STABILIMENTO DI SAN PELLEGRINO,IT,ITI22,Terni,NARNI,42.539722,12.487222,3(c),"Installations for the production of cement clinker in rotary kilns, lime in rotary kilns, cement or lime in other furnaces. Note to reporters, use Level 3 activity e.g. 3(c)(i), in preference to 3(c). Level 2 activity class (i.e. 3(c)) only to be used where Level 3 is not available.",2023,159502000,C,Calculated: calculation method used,1,159502,POINT (12.487222 42.539722)
CO2,IT.CAED/051002003.FACILITY,ACEA AMBIENTE Srl,ACEA AMBIENTE Srl UL1_Impianto di Termovalorizzazione,IT,ITI22,Terni,TERNI,42.5806,12.6615,5(b),Installations for the incineration of non-hazardous waste in the scope of Directive 2000/76/EC of the European Parliament and of the Council of 4 December 2000 on the incineration of waste,2023,107784743.7,M,Measured: analytical method used,1,107784.7437,POINT (12.6615 42.5806)
CO2,IT.CAED/060661001.FACILITY,Enel Produzione S.p.A.,Enel Produzione S.p.A. - IMPIANTO TERMOELETTRICO DI PIETRAFITTA,IT,ITI21,Perugia,PIEGARO,42.9946,12.2003,1(c),Thermal power stations and other combustion installations,2023,206252998.1,C,Calculated: calculation method used,1,206252.9981,POINT (12.2003 42.9946)
CO2,IT.CAED/751002001.FACILITY,Italcementi SpA,Italcementi di  Matera,IT,ITF52,Matera,MATERA,40.6753,16.6569,3(c),"Installations for the production of cement clinker in rotary kilns, lime in rotary kilns, cement or lime in other furnaces. Note to reporters, use Level 3 activity e.g. 3(c)(i), in preference to 3(c). Level 2 activity class (i.e. 3(c)) only to be used where Level 3 is not available.",2023,390621000,C,Calculated: calculation method used,1,390621,POINT (16.6569 40.6753)
CO2,IT.CAED/801461001.FACILITY,TIRRENO POWER S.p.A.,CENTRALE NAPOLI LEVANTE,IT,ITF33,Napoli,NAPOLI,40.834,14.301,1(c),Thermal power stations and other combustion installations,2023,243867447.9,C,Calculated: calculation method used,1,243867.4479,POINT (14.301 40.834)
CO2,IT.CAED/850222001.FACILITY,Cementeria Costantinopoli srl,Cementeria Costantinopoli srl,IT,ITF51,Potenza,Barile,40.9497,15.6736,3(c),"Installations for the production of cement clinker in rotary kilns, lime in rotary kilns, cement or lime in other furnaces. Note to reporters, use Level 3 activity e.g. 3(c)(i), in preference to 3(c). Level 2 activity class (i.e. 3(c)) only to be used where Level 3 is not available.",2023,246153960,C,Calculated: calculation method used,1,246153.96,POINT (15.6736 40.9497)
CO2,IT.CAED/800112001.FACILITY,A2A AMBIENTE S.P.A.,TERMOVALORIZZATORE DI ACERRA,IT,ITF33,Napoli,ACERRA,40.9667,14.3883,5(b),Installations for the incineration of non-hazardous waste in the scope of Directive 2000/76/EC of the European Parliament and of the Council of 4 December 2000 on the incineration of waste,2023,393166267.1,M,Measured: analytical method used,1,393166.2671,POINT (14.3883 40.9667)
CO2,IT.CAED/810301001.FACILITY,SET S.p.A.,SET S.p.A.,IT,ITF31,Caserta,TEVEROLA,41.0088,14.2297,1(c),Thermal power stations and other combustion installations,2023,256910000,C,Calculated: calculation method used,1,256910,POINT (14.2297 41.0088)
CO2,IT.CAED/810561001.FACILITY,Calenia Energia S.p.A.,Calenia Energia S.p.A.,IT,ITF31,Caserta,SPARANISE,41.1774,14.1129,1(c),Thermal power stations and other combustion installations,2023,522624000,M,Measured: analytical method used,1,522624,POINT (14.1129 41.1774)
CO2,IT.CAED/710282001.FACILITY,AGRITRE SRL,IMPIANTO A BIOMASSE AGRITRE,IT,ITF46,Foggia,SANT'AGATA DI PUGLIA,41.197708,15.423906,1(c),Thermal power stations and other combustion installations,2023,181920000,M,Measured: analytical method used,1,181920,POINT (15.423906 41.197708)
CO2,IT.CAED/710241001.FACILITY,Edison S.p.A.,CENTRALE TERMOELETTRICA DI CANDELA,IT,ITF46,Foggia,CANDELA,41.2018,15.4759,1(c),Thermal power stations and other combustion installations,2023,393501000,C,Calculated: calculation method used,1,393501,POINT (15.4759 41.2018)
CO2,IT.CAED/761212002.FACILITY,BUZZI UNICEM SPA,CEMENTERIA DI BARLETTA,IT,ITF48,Barletta-Andria-Trani,Barletta,41.3167,16.2892,3(c),"Installations for the production of cement clinker in rotary kilns, lime in rotary kilns, cement or lime in other furnaces. Note to reporters, use Level 3 activity e.g. 3(c)(i), in preference to 3(c). Level 2 activity class (i.e. 3(c)) only to be used where Level 3 is not available.",2023,326744860,C,Calculated: calculation method used,1,326744.86,POINT (16.2892 41.3167)
CO2,IT.CAED/810501001.FACILITY,Edison Spa,Centrale termoelettrica di Presenzano,IT,ITF31,Caserta,Presenzano,41.3774,14.1132,1(c),Thermal power stations and other combustion installations,2023,301093000,C,Calculated: calculation method used,1,301093,POINT (14.1132 41.3774)
CO2,IT.CAED/030402001.FACILITY,Acea Ambiente S.r.l.,Unità Locale 3 - Impianto di Termovalorizzazione rifiuti non pericolosi.,IT,ITI45,Frosinone,SAN VITTORE DEL LAZIO,41.4375,13.8971,5(b),Installations for the incineration of non-hazardous waste in the scope of Directive 2000/76/EC of the European Parliament and of the Council of 4 December 2000 on the incineration of waste,2023,380667000,C,Calculated: calculation method used,1,380667,POINT (13.8971 41.4375)
CO2,IT.CAED/860782001.FACILITY,COLACEM S.P.A.,COLACEM S.P.A.,IT,ITF21,Isernia,SESTO CAMPANO,41.4456,14.0658,3(c),"Installations for the production of cement clinker in rotary kilns, lime in rotary kilns, cement or lime in other furnaces. Note to reporters, use Level 3 activity e.g. 3(c)(i), in preference to 3(c). Level 2 activity class (i.e. 3(c)) only to be used where Level 3 is not available.",2023,689345000,C,Calculated: calculation method used,1,689345,POINT (14.0658 41.4456)
CO2,IT.CAED/860772001.FACILITY,HERAMBIENTE S.P.A.,TERMOVALORIZZATORE CCS POZZILLI,IT,ITF21,Isernia,POZZILLI,41.5136,14.1103,5(b),Installations for the incineration of non-hazardous waste in the scope of Directive 2000/76/EC of the European Parliament and of the Council of 4 December 2000 on the incineration of waste,2023,123417003.1,M,Measured: analytical method used,1,123417.00309999999,POINT (14.1103 41.5136)
CO2,IT.CAED/860391001.FACILITY,Sorgenia Power S.p.A.,CENTRALE A CICLO COMBINATO DI TERMOLI,IT,ITF22,Campobasso,TERMOLI,41.9372,15.0005,1(c),Thermal power stations and other combustion installations,2023,174340785.6,C,Calculated: calculation method used,1,174340.7856,POINT (15.0005 41.9372)
CO2,IT.CAED/660521001.FACILITY,A2A gencogas S.p.A.,CENTRALE DI GISSI,IT,ITF14,Chieti,GISSI,42.0497,14.5638,1(c),Thermal power stations and other combustion installations,2023,451843000,C,Calculated: calculation method used,1,451843,POINT (14.5638 42.0497)
CO2,HR.CAED/000000051.FACILITY,CEMEX HRVATSKA D.D.,"TVORNICA CEMENTA ""SVETI KAJO""",HR,HR035,Splitsko-dalmatinska županija,Solin,43.5392,16.46418,3(c)(i),Installations for the production of cement clinker in rotary kilns,2023,198000000,C,Calculated: calculation method used,1,198000,POINT (16.46418 43.5392)
CO2,HR.CAED/000000052.FACILITY,CEMEX HRVATSKA D.D.,"TVORNICA CEMENTA ""SVETI JURAJ""",HR,HR035,Splitsko-dalmatinska županija,Kaštel Sućurac,43.54171,16.44352,3(c)(i),Installations for the production of cement clinker in rotary kilns,2024,544000000,C,Calculated: calculation method used,1,544000,POINT (16.44352 43.54171)
CO2,HR.CAED/000000050.FACILITY,Holcim (Hrvatska) d.o.o.,Proizvodnja cementa Koromačno,HR,HR036,Istarska županija,Koromačno,44.96732,14.12122,3(c)(i),Installations for the production of cement clinker in rotary kilns,2024,314000000,M,Measured: analytical method used,1,314000,POINT (14.12122 44.96732)
CO2,HR.CAED/000000019.FACILITY,HEP-PROIZVODNJA d.o.o.,TE Plomin,HR,HR036,Istarska županija,Plomin,45.13794,14.16465,1(c),Thermal power stations and other combustion installations,2024,680000000,C,Calculated: calculation method used,1,680000,POINT (14.16465 45.13794)
CO2,HR.CAED/000000067.FACILITY,"INA-Industrija nafte, d.d.",Rafinerija nafte Rijeka,HR,HR031,Primorsko-goranska županija,Kostrena,45.28543,14.5342,1(a),Mineral oil and gas refineries,2024,664000000,C,Calculated: calculation method used,1,664000,POINT (14.5342 45.28543)
CO2,IT.CAED/000531001.FACILITY,TIRRENO POWER S.p.A.,CENTRALE TORREVALDALIGA SUD,IT,ITI43,Roma,CIVITAVECCHIA,42.1231,11.7654,1(c),Thermal power stations and other combustion installations,2023,187297000,C,Calculated: calculation method used,1,187297,POINT (11.7654 42.1231)
CO2,IT.CAED/000531002.FACILITY,Enel Produzione S.p.A. - Torrevaldaliga Nord,Centrale Torrevaldaliga Nord,IT,ITI43,Roma,CIVITAVECCHIA,42.1275,11.7586,1(c),Thermal power stations and other combustion installations,2023,3339651000,C,Calculated: calculation method used,1,3339651,POINT (11.7586 42.1275)
CO2,IT.CAED/570161004.FACILITY,ENGIE PRODUZIONE SPA,ENGIE PRODUZIONE SPA,IT,ITI16,Livorno,ROSIGNANO MARITTIMO,43.3816,10.4494,1(c),Thermal power stations and other combustion installations,2023,724356101,C,Calculated: calculation method used,1,724356.101,POINT (10.4494 43.3816)
CO2,IT.CAED/570161001.FACILITY,COGENERATION ROSIGNANO S.p.A. (ex- Solvay Chimica Italia S.p.A.; ex-Rosen),CENTRALE DI COGENERAZIONE (ex-Solvay Chimica Italia S.p.A.; ex-Rosen),IT,ITI16,Livorno,ROSIGNANO MARITTIMO,43.3822,10.4494,1(c),Thermal power stations and other combustion installations,2023,675566700,C,Calculated: calculation method used,1,675566.7,POINT (10.4494 43.3822)
CO2,IT.CAED/520221001.FACILITY,Enel Produzione S.p.A.,Impianto Termoelettrico di Santa Barbara,IT,ITI18,Arezzo,CAVRIGLIA,43.5643,11.4777,1(c),Thermal power stations and other combustion installations,2023,725551882.4,C,Calculated: calculation method used,1,725551.8824,POINT (11.4777 43.5643)
CO2,IT.CAED/570171001.FACILITY,Eni S.p.A.,Eni S.p.A. Raffineria di Livorno,IT,ITI16,Livorno,LIVORNO,43.5872,10.3365,1(a),Mineral oil and gas refineries,2023,553245790,C,Calculated: calculation method used,1,553245.79,POINT (10.3365 43.5872)
CO2,IT.CAED/520162001.FACILITY,COLACEM S.P.A.,COLACEM S.P.A. - CEMENTERIA DI RASSINA,IT,ITI18,Arezzo,CASTEL FOCOGNANO,43.6581,11.8367,3(c),"Installations for the production of cement clinker in rotary kilns, lime in rotary kilns, cement or lime in other furnaces. Note to reporters, use Level 3 activity e.g. 3(c)(i), in preference to 3(c). Level 2 activity class (i.e. 3(c)) only to be used where Level 3 is not available.",2023,402310000,C,Calculated: calculation method used,1,402310,POINT (11.8367 43.6581)
CO2,IT.CAED/550162001.FACILITY,DS Smith Paper Italia srl,Impianto di cogenerazione,IT,ITI12,Lucca,PORCARI,43.8233,10.6002,1(c),Thermal power stations and other combustion installations,2023,294337022.6,E,Estimated,1,294337.0226,POINT (10.6002 43.8233)
CO2,IT.CAED/400572001.FACILITY,FRULLO ENERGIA AMBIENTE S.R.L.,FRULLO ENERGIA AMBIENTE S.R.L.,IT,ITH55,Bologna,GRANAROLO DELL'EMILIA,44.5239,11.4311,5(b),Installations for the incineration of non-hazardous waste in the scope of Directive 2000/76/EC of the European Parliament and of the Council of 4 December 2000 on the incineration of waste,2023,196555000,M,Measured: analytical method used,1,196555,POINT (11.4311 44.5239)
CO2,IT.CAED/411222010.FACILITY,HERAMBIENTE S.P.A.,HERAMBIENTE S.R.L.  - IMPIANTO DI TERMOVALORIZZAZIONE RIFIUTI NON PERICOLOSI,IT,ITH54,Modena,MODENA,44.6714,10.9439,5(b),Installations for the incineration of non-hazardous waste in the scope of Directive 2000/76/EC of the European Parliament and of the Council of 4 December 2000 on the incineration of waste,2023,221172830.4,M,Measured: analytical method used,1,221172.8304,POINT (10.9439 44.6714)
CO2,IT.CAED/060242002.FACILITY,COLACEM S.P.A.,COLACEM S.P.A. - CEMENTERIA DI GHIGIANO,IT,ITI21,Perugia,GUBBIO,43.2844,12.6178,3(c),"Installations for the production of cement clinker in rotary kilns, lime in rotary kilns, cement or lime in other furnaces. Note to reporters, use Level 3 activity e.g. 3(c)(i), in preference to 3(c). Level 2 activity class (i.e. 3(c)) only to be used where Level 3 is not available.",2023,336074000,C,Calculated: calculation method used,1,336074,POINT (12.6178 43.2844)
CO2,IT.CAED/060242001.FACILITY,Cementerie Aldo Barbetti S.p.A.,Stabilimento di Gubbio CEMENTERIE ALDO BARBETTI S.p.A.,IT,ITI21,Perugia,GUBBIO,43.3636,12.5467,3(c),"Installations for the production of cement clinker in rotary kilns, lime in rotary kilns, cement or lime in other furnaces. Note to reporters, use Level 3 activity e.g. 3(c)(i), in preference to 3(c). Level 2 activity class (i.e. 3(c)) only to be used where Level 3 is not available.",2023,482587000,C,Calculated: calculation method used,1,482587,POINT (12.5467 43.3636)
CO2,IT.CAED/600151001.FACILITY,Italiana Petroli,api Raffineria di Ancona spa,IT,ITI32,Ancona,FALCONARA MARITTIMA,43.6395,13.3813,1(a),Mineral oil and gas refineries,2023,518892000,M,Measured: analytical method used,1,518892,POINT (13.3813 43.6395)
CO2,IT.CAED/478532001.FACILITY,HERAMBIENTE S.P.A.,HERAMBIENTE s.p.a (inceneritore),IT,ITH59,Rimini,CORIANO,43.9793,12.6345,5(b),Installations for the incineration of non-hazardous waste in the scope of Directive 2000/76/EC of the European Parliament and of the Council of 4 December 2000 on the incineration of waste,2023,135905404.8,M,Measured: analytical method used,1,135905.40480000002,POINT (12.6345 43.9793)
CO2,IT.CAED/471222018.FACILITY,HERAMBIENTE S.P.A.,HERAMBIENTE - 3^ LINEA,IT,ITH58,Forlì-Cesena,FORLI',44.2331,12.0883,5(b),Installations for the incineration of non-hazardous waste in the scope of Directive 2000/76/EC of the European Parliament and of the Council of 4 December 2000 on the incineration of waste,2023,148614000,M,Measured: analytical method used,1,148614,POINT (12.0883 44.2331)
CO2,IT.CAED/481232018.FACILITY,POLYNT S.P.A.,Polynt spa,IT,ITH57,Ravenna,RAVENNA,44.4333,12.2375,4(a),"Chemical installations for the production on an industrial scale of basic organic chemicals. Note to reporters, use Level 3 activity e.g. 4(a)(iii), in preference to 4(a). Level 2 activity class (i.e. 4(a)) only to be used where Level 3 is not available.",2023,115645000,C,Calculated: calculation method used,1,115645,POINT (12.2375 44.4333)
CO2,IT.CAED/481231006.FACILITY,Enipower S.p.A.,EniPower  stabilimento di Ravenna,IT,ITH57,Ravenna,RAVENNA,44.448611,12.236944,1(c),Thermal power stations and other combustion installations,2023,1802993000,C,Calculated: calculation method used,1,1802993,POINT (12.236944 44.448611)
CO2,IT.CAED/481231001.FACILITY,Enel Produzione S.p.A.,ENEL PRODUZIONE SPA - CENTRALE A CICLO COMBINATO DI PORTO CORSINI,IT,ITH57,Ravenna,RAVENNA,44.4844,12.2661,1(c),Thermal power stations and other combustion installations,2023,872178196,C,Calculated: calculation method used,1,872178.196,POINT (12.2661 44.4844)
CO2,HR.CAED/000000210.FACILITY,"Calucem d.o.o.,Calucem društvo s ograničenom odgovornošću za proizvodnju specijalnih cemenata",Proizvodnja aluminatnog cementa,HR,HR036,Istarska županija,Pula (Pola),44.86378,13.82722,3(c)(iii),Installations for the production of cement clinker or lime in other furnaces,2023,127000000,C,Calculated: calculation method used,1,127000,POINT (13.82722 44.86378)
CO2,IT.CAED/301761002.FACILITY,Enel Produzione S.p.A.,Impianto termoelettrico di Fusina,IT,ITH35,Venezia,VENEZIA,45.4313,12.2458,1(c),Thermal power stations and other combustion installations,2023,1664828882,C,Calculated: calculation method used,1,1664828.882,POINT (12.2458 45.4313)
CO2,IT.CAED/421242002.FACILITY,IREN ENERGIA S.P.A.,IREN ENERGIA SpA - Polo Energetico Hiroshima,IT,ITH53,Reggio nell’Emilia,REGGIO NELL'EMILIA,44.7,10.6167,1(c),Thermal power stations and other combustion installations,2023,143941000,C,Calculated: calculation method used,1,143941,POINT (10.6167 44.7)
CO2,IT.CAED/431222010.FACILITY,IREN AMBIENTE SPA,TERMOVALORIZZATORE - PAIP,IT,ITH52,Parma,PARMA,44.8382,10.3557,5(b),Installations for the incineration of non-hazardous waste in the scope of Directive 2000/76/EC of the European Parliament and of the Council of 4 December 2000 on the incineration of waste,2023,190786423.6,M,Measured: analytical method used,1,190786.42359999998,POINT (10.3557 44.8382)
CO2,IT.CAED/441221001.FACILITY,S.E.F. S.R.L. SOCIETA' ENIPOWER FERRARA S.R.L.,S.E.F. S.R.L. SOCIETA' ENIPOWER FERRARA S.R.L.,IT,ITH56,Ferrara,FERRARA,44.8499,11.5833,1(c),Thermal power stations and other combustion installations,2023,1073856962,C,Calculated: calculation method used,1,1073856.962,POINT (11.5833 44.8499)
CO2,IT.CAED/441242002.FACILITY,HERAMBIENTE S.P.A.,HERAMBIENTE Spa -Termovalorizzatore,IT,ITH56,Ferrara,FERRARA,44.8605,11.5535,5(b),Installations for the incineration of non-hazardous waste in the scope of Directive 2000/76/EC of the European Parliament and of the Council of 4 December 2000 on the incineration of waste,2023,146202000,M,Measured: analytical method used,1,146202,POINT (11.5535 44.8605)
CO2,IT.CAED/450352003.FACILITY,Cogenio S.r.l.,Cogenio - Centrale di Castelmassa,IT,ITH37,Rovigo,CASTELMASSA,45.019778,11.313167,1(c),Thermal power stations and other combustion installations,2023,138287000,E,Estimated,1,138287,POINT (11.313167 45.019778)
CO2,IT.CAED/460281001.FACILITY,A2A gencogas S.p.A.,A2A GENCOGAS - CENTRALE TERMOELETTRICA SERMIDE,IT,ITC4B,Mantova,SERMIDE,45.0297,11.2511,1(c),Thermal power stations and other combustion installations,2023,546274500,E,Estimated,1,546274.5,POINT (11.2511 45.0297)
CO2,IT.CAED/400351001.FACILITY,EP Produzione S.p.A.,Centrale termoelettrica di Ostiglia,IT,ITC4B,Mantova,OSTIGLIA,45.0593,11.1387,1(c),Thermal power stations and other combustion installations,2023,998587643.2,C,Calculated: calculation method used,1,998587.6432,POINT (11.1387 45.0593)
CO2,IT.CAED/461001002.FACILITY,Versalis S.p.A.,Stabilimento di Mantova,IT,ITC4B,Mantova,MANTOVA,45.1457,10.8376,4(a),"Chemical installations for the production on an industrial scale of basic organic chemicals. Note to reporters, use Level 3 activity e.g. 4(a)(iii), in preference to 4(a). Level 2 activity class (i.e. 4(a)) only to be used where Level 3 is not available.",2023,128526890,C,Calculated: calculation method used,1,128526.89,POINT (10.8376 45.1457)
CO2,IT.CAED/461001003.FACILITY,EniPower Mantova S.p.A.,EniPower Mantova S.p.A.,IT,ITC4B,Mantova,MANTOVA,45.149,10.8354,1(c),Thermal power stations and other combustion installations,2023,1844632196,C,Calculated: calculation method used,1,1844632.196,POINT (10.8354 45.149)
CO2,IT.CAED/350432003.FACILITY,CONFIDENTIAL,BUZZI UNICEM SRL,IT,ITH36,Padova,CONFIDENTIAL,45.2542,11.7517,3(c),"Installations for the production of cement clinker in rotary kilns, lime in rotary kilns, cement or lime in other furnaces. Note to reporters, use Level 3 activity e.g. 3(c)(i), in preference to 3(c). Level 2 activity class (i.e. 3(c)) only to be used where Level 3 is not available.",2023,349657249,C,Calculated: calculation method used,1,349657.249,POINT (11.7517 45.2542)
CO2,HR.CAED/000000025.FACILITY,HEP-PROIZVODNJA d.o.o.,TE-TO Sisak,HR,HR028,Sisačko-moslavačka županija,Sisak-Caprag,45.45562,16.41377,1(c),Thermal power stations and other combustion installations,2024,455000000,C,Calculated: calculation method used,1,455000,POINT (16.41377 45.45562)
CO2,HR.CAED/000000223.FACILITY,"INA-Industrija nafte, d.d.","INA d.d. Istr. i proizv. NiP, Proizvodna jedinica-procesi, Objekti frakcionacije Ivanić Grad",HR,HR065,Zagrebačka županija,Ivanić-Grad,45.71722,16.39852,1(a),Mineral oil and gas refineries,2024,111000000,C,Calculated: calculation method used,1,111000,POINT (16.39852 45.71722)
CO2,HR.CAED/000000028.FACILITY,HEP-PROIZVODNJA d.o.o.,TE-TO Zagreb,HR,HR050,Grad Zagreb,Zagreb,45.78393,16.01502,1(c),Thermal power stations and other combustion installations,2024,827000000,C,Calculated: calculation method used,1,827000,POINT (16.01502 45.78393)
CO2,HR.CAED/000000033.FACILITY,HEP-PROIZVODNJA d.o.o.,EL-TO Zagreb,HR,HR050,Grad Zagreb,Zagreb,45.80881,15.94858,1(c),Thermal power stations and other combustion installations,2024,152000000,C,Calculated: calculation method used,1,152000,POINT (15.94858 45.80881)
CO2,SI.ARSO/000000018.FACILITY,"Energetika Ljubljana, d.o.o.","Energetika Ljubljana, (Lokacija Toplarniška)",SI,SI041,Osrednjeslovenska,Ljubljana,46.057961,14.545125,1(c),Thermal power stations and other combustion installations,2024,397099000,C,Calculated: calculation method used,1,397099,POINT (14.545125 46.057961)
CO2,SI.ARSO/000000017.FACILITY,"Termoelektrarna Šoštanj, d.o.o.",Termoelektrarna Šoštanj,SI,SI034,Savinjska,Šoštanj,46.372286,15.053442,1(c),Thermal power stations and other combustion installations,2024,3141872000,C,Calculated: calculation method used,1,3141872,POINT (15.053442 46.372286)
CO2,AT.CAED/9008391745020.FACILITY,w&p GmbH,Alpacem Zement Austria GmbH,AT,AT213,Unterkärnten,Wietersdorf,46.849889,14.533667,3(c),"Installations for the production of cement clinker in rotary kilns, lime in rotary kilns, cement or lime in other furnaces. Note to reporters, use Level 3 activity e.g. 3(c)(i), in preference to 3(c). Level 2 activity class (i.e. 3(c)) only to be used where Level 3 is not available.",2024,399000000,C,Calculated: calculation method used,1,399000,POINT (14.533667 46.849889)
CO2,IT.CAED/301761001.FACILITY,Edison S.p.A. - Marghera Levante,CENTRALE TERMOELETTRICA DI MARGHERA LEVANTE,IT,ITH35,Venezia,VENEZIA,45.4458,12.2549,1(c),Thermal power stations and other combustion installations,2023,753219000,C,Calculated: calculation method used,1,753219,POINT (12.2549 45.4458)
CO2,IT.CAED/301751001.FACILITY,Eni S.p.A.,Raffineria di Venezia,IT,ITH35,Venezia,VENEZIA,45.4594,12.2667,4(a),"Chemical installations for the production on an industrial scale of basic organic chemicals. Note to reporters, use Level 3 activity e.g. 4(a)(iii), in preference to 4(a). Level 2 activity class (i.e. 4(a)) only to be used where Level 3 is not available.",2023,295889970,C,Calculated: calculation method used,1,295889.97,POINT (12.2667 45.4594)
CO2,IT.CAED/341472001.FACILITY,HestAmbiente S.r.l.,HESTAMBIENTE S.R.L.,IT,ITH44,Trieste,Trieste,45.6111,13.7994,5(b),Installations for the incineration of non-hazardous waste in the scope of Directive 2000/76/EC of the European Parliament and of the Council of 4 December 2000 on the incineration of waste,2023,207266760,M,Measured: analytical method used,1,207266.76,POINT (13.7994 45.6111)
CO2,IT.CAED/340741001.FACILITY,A2A Energiefuture S.p.A.,Centrale Termoelettrica di Monfalcone,IT,ITH43,Gorizia,MONFALCONE,45.7969,13.5455,1(c),Thermal power stations and other combustion installations,2023,305627000,C,Calculated: calculation method used,1,305627,POINT (13.5455 45.7969)
CO2,IT.CAED/310583183.FACILITY,FORNACI CALCE GRIGOLIN SPA,STABILIMENTO DI PONTE DELLA PRIULA,IT,ITH34,Treviso,SUSEGANA,45.815833,12.259722,3(c),"Installations for the production of cement clinker in rotary kilns, lime in rotary kilns, cement or lime in other furnaces. Note to reporters, use Level 3 activity e.g. 3(c)(i), in preference to 3(c). Level 2 activity class (i.e. 3(c)) only to be used where Level 3 is not available.",2023,192233000,C,Calculated: calculation method used,1,192233,POINT (12.259722 45.815833)
CO2,IT.CAED/330501001.FACILITY,Edison S.p.A.,CENTRALE TERMOELETTRICA DI TORVISCOSA,IT,ITH42,Udine,TORVISCOSA,45.8169,13.2897,1(c),Thermal power stations and other combustion installations,2023,1268838000,C,Calculated: calculation method used,1,1268838,POINT (13.2897 45.8169)
CO2,IT.CAED/310402007.FACILITY,INDUSTRIA CEMENTI GIOVANNI ROSSI S.p.A.,CEMENTERIA DI PEDEROBBA,IT,ITH34,Treviso,PEDEROBBA,45.877777,11.966666,3(c),"Installations for the production of cement clinker in rotary kilns, lime in rotary kilns, cement or lime in other furnaces. Note to reporters, use Level 3 activity e.g. 3(c)(i), in preference to 3(c). Level 2 activity class (i.e. 3(c)) only to be used where Level 3 is not available.",2023,332973000,C,Calculated: calculation method used,1,332973,POINT (11.966666 45.877777)
CO2,SI.ARSO/000000011.FACILITY,"Alpacem Cement, d.d.",Alpacem Cement Anhovo,SI,SI043,Goriška,Deskle,46.06865,13.628036,3(c)(i),Installations for the production of cement clinker in rotary kilns,2024,684374000,C,Calculated: calculation method used,1,684374,POINT (13.628036 46.06865)
CO2,IT.CAED/330922001.FACILITY,Cementizillo SpA,Cementeria di Fanna,IT,ITH41,Pordenone,FANNA,46.1778,12.7394,3(c),"Installations for the production of cement clinker in rotary kilns, lime in rotary kilns, cement or lime in other furnaces. Note to reporters, use Level 3 activity e.g. 3(c)(i), in preference to 3(c). Level 2 activity class (i.e. 3(c)) only to be used where Level 3 is not available.",2023,423066010,C,Calculated: calculation method used,1,423066.01,POINT (12.7394 46.1778)
CO2,IT.CAED/351272002.FACILITY,HestAmbiente SrL,Impianto di Termovalorizzazione di San Lazzaro (PD),IT,ITH36,Padova,PADOVA,45.4083,11.9231,5(b),Installations for the incineration of non-hazardous waste in the scope of Directive 2000/76/EC of the European Parliament and of the Council of 4 December 2000 on the incineration of waste,2023,206634702.8,M,Measured: analytical method used,1,206634.7028,POINT (11.9231 45.4083)
CO2,IT.CAED/250182006.FACILITY,FASSA SRL,UNITA' PRODUTTIVA DI MONTICHIARI,IT,ITC47,Brescia,MONTICHIARI,45.4594,10.3316,3(c),"Installations for the production of cement clinker in rotary kilns, lime in rotary kilns, cement or lime in other furnaces. Note to reporters, use Level 3 activity e.g. 3(c)(i), in preference to 3(c). Level 2 activity class (i.e. 3(c)) only to be used where Level 3 is not available.",2023,203439000,E,Estimated,1,203439,POINT (10.3316 45.4594)
CO2,IT.CAED/250862002.FACILITY,HM ITALIA CEMENTI SPA,HM ITALIA CEMENTI SPA,IT,ITC47,Brescia,REZZATO,45.5153,10.3444,3(c),"Installations for the production of cement clinker in rotary kilns, lime in rotary kilns, cement or lime in other furnaces. Note to reporters, use Level 3 activity e.g. 3(c)(i), in preference to 3(c). Level 2 activity class (i.e. 3(c)) only to be used where Level 3 is not available.",2023,808186000,C,Calculated: calculation method used,1,808186,POINT (10.3444 45.5153)
CO2,IT.CAED/251342001.FACILITY,ALFA ACCIAI SPA,ALFA ACCIAI SPA,IT,ITC47,Brescia,BRESCIA,45.5333,10.2269,2(a),Metal ore (including sulphide ore) roasting or sintering installations,2023,116682000,M,Measured: analytical method used,1,116682,POINT (10.2269 45.5333)
CO2,IT.CAED/370202003.FACILITY,VILCA SPA,STABILIMENTO DI CERAINO DI DOLCE',IT,ITH31,Verona,DOLCE',45.5792,10.8333,3(c),"Installations for the production of cement clinker in rotary kilns, lime in rotary kilns, cement or lime in other furnaces. Note to reporters, use Level 3 activity e.g. 3(c)(i), in preference to 3(c). Level 2 activity class (i.e. 3(c)) only to be used where Level 3 is not available.",2023,145472000,E,Estimated,1,145472,POINT (10.8333 45.5792)
CO2,IT.CAED/240602021.FACILITY,Italsacci S.p.A. (ex Cementirsacci S.p.A.),Stabilimento di Tavernola Bergamasca,IT,ITC46,Bergamo,TAVERNOLA BERGAMASCA,45.7167,10.0333,3(c),"Installations for the production of cement clinker in rotary kilns, lime in rotary kilns, cement or lime in other furnaces. Note to reporters, use Level 3 activity e.g. 3(c)(i), in preference to 3(c). Level 2 activity class (i.e. 3(c)) only to be used where Level 3 is not available.",2023,195292000,C,Calculated: calculation method used,1,195292,POINT (10.0333 45.7167)
CO2,IT.CAED/380662001.FACILITY,ALTO GARDA POWER S.R.L.,ALTO GARDA POWER S.R.L.,IT,ITH20,Trento,Riva Del Garda,45.887,10.853472,1(c),Thermal power stations and other combustion installations,2023,166830700,C,Calculated: calculation method used,1,166830.7,POINT (10.853472 45.887)
CO2,IT.CAED/380722001.FACILITY,Italcementi S.p.A.,Italcementi di Madruzzo,IT,ITH20,Trento,MADRUZZO,46.040556,10.963889,3(c),"Installations for the production of cement clinker in rotary kilns, lime in rotary kilns, cement or lime in other furnaces. Note to reporters, use Level 3 activity e.g. 3(c)(i), in preference to 3(c). Level 2 activity class (i.e. 3(c)) only to be used where Level 3 is not available.",2023,101326000,C,Calculated: calculation method used,1,101326,POINT (10.963889 46.040556)
CO2,IT.CAED/391002004.FACILITY,eco center SpA,Termovalorizzatore rifiuti residui di Bolzano,IT,ITH10,Bolzano-Bozen,BOLZANO,46.4674,11.3079,5(b),Installations for the incineration of non-hazardous waste in the scope of Directive 2000/76/EC of the European Parliament and of the Council of 4 December 2000 on the incineration of waste,2023,150544000,M,Measured: analytical method used,1,150544,POINT (11.3079 46.4674)
CO2,ES.CAED/006236000.FACILITY,"ENDESA GENERACIÓN, S.A.",CENTRAL DIESEL CEUTA,ES,ES630,Ceuta,CEUTA,35.89,-5.32,1(c),Thermal power stations and other combustion installations,2024,127000000,C,Calculated: calculation method used,1,127000,POINT (-5.32 35.89)
CO2,ES.CAED/008330000.FACILITY,REPSOL GENERACION CICLOS COMBINADOS S.L.U.,CENTRAL TÉRMICA DE CICLO COMBINADO BAHÍA DE ALGECIRAS,ES,ES612,Cádiz,PUENTE MAYORGA,36.18,-5.39,1(c),Thermal power stations and other combustion installations,2024,475000000,C,Calculated: calculation method used,1,475000,POINT (-5.39 36.18)
CO2,ES.CAED/003531000.FACILITY,CENTRAL TÈRMICA DE CERCS,CENTRAL TÉRMICA LOS BARRIOS,ES,ES612,Cádiz,"Barrios, Los",36.183696,-5.418414,1(c),Thermal power stations and other combustion installations,2024,233000000,C,Calculated: calculation method used,1,233000,POINT (-5.418414 36.183696)
CO2,ES.CAED/009575000.FACILITY,"GENERACIÓN CARTEIA, S.L.U.",CENTRAL TÉRMICA DE CICLO COMBINADO DE GIBRALTAR (G20),ES,ES612,Cádiz,PUENTE MAYORGA,36.185,-5.391,1(c),Thermal power stations and other combustion installations,2024,169000000,C,Calculated: calculation method used,1,169000,POINT (-5.391 36.185)
CO2,ES.CAED/009567000.FACILITY,NATURGY CICLOS COMBINADOS S.L.,CCC CAMPO DE GIBRALTAR GRUPO 10,ES,ES612,Cádiz,PUENTE MAYORGA,36.185373,-5.391025,1(c),Thermal power stations and other combustion installations,2024,159000000,C,Calculated: calculation method used,1,159000,POINT (-5.391025 36.185373)
CO2,ES.CAED/001479000.FACILITY,"COMPAÑÍA ESPAÑOLA DE PETRÓLEOS, S.A.",REFINERÍA GIBRALTAR,ES,ES612,Cádiz,San Roque,36.185634,-5.39647,1(a),Mineral oil and gas refineries,2024,1420000000,C,Calculated: calculation method used,1,1420000,POINT (-5.39647 36.185634)
CO2,ES.CAED/001592000.FACILITY,"CEPSA QUÍMICA, S.A.",FÁBRICA DE PUENTE DE MAYORGA (CEPSA QUÍMICA),ES,ES612,Cádiz,SAN ROQUE,36.189644,-5.395147,4(a)(i),"Chemical installations for the production on an industrial scale of basic organic chemicals: Simple hydrocarbons (linear or cyclic, saturated or unsaturated, aliphatic or aromatic)",2024,261000000,C,Calculated: calculation method used,1,261000,POINT (-5.395147 36.189644)
CO2,ES.CAED/008329000.FACILITY,CEPSA GAS Y ELECTRICIDAD SA,COGENERACIÓN DE LUBRISUR (DETISA),ES,ES612,Cádiz,PUENTE MAYORGA,36.19,-5.39,1(c),Thermal power stations and other combustion installations,2024,207000000,C,Calculated: calculation method used,1,207000,POINT (-5.39 36.19)
CO2,ES.CAED/005514000.FACILITY,"ENDESA GENERACIÓN, S.A.",CENTRAL TÉRMICA CICLO COMBINADO SAN ROQUE GRUPO 2,ES,ES612,Cádiz,SAN ROQUE,36.199789,-5.412848,1(c),Thermal power stations and other combustion installations,2024,526000000,C,Calculated: calculation method used,1,526000,POINT (-5.412848 36.199789)
CO2,ES.CAED/005509000.FACILITY,NATURGY CICLOS COMBINADOS S.L.,SAN ROQUE GRUPO 1,ES,ES612,Cádiz,San Roque,36.199789,-5.412848,1(c),Thermal power stations and other combustion installations,2023,169000000,C,Calculated: calculation method used,1,169000,POINT (-5.412848 36.199789)
CO2,ES.CAED/000538000.FACILITY,"GENERACIÓN ELÉCTRICA PENINSULAR, S.A. (COGENERACION)",COGENERACIÓN GETESA (FÁBRICA DE GUADARRANQUE),ES,ES612,Cádiz,San Roque,36.205306,-5.407446,1(c),Thermal power stations and other combustion installations,2024,178000000,C,Calculated: calculation method used,1,178000,POINT (-5.407446 36.205306)
CO2,ES.CAED/000534000.FACILITY,"GENERACIÓN ELÉCTRICA PENINSULAR, S.A. (COGENERACION)",GEPESA (GEGSA I Y II),ES,ES612,Cádiz,San Roque,36.21002,-5.385402,1(c),Thermal power stations and other combustion installations,2024,169000000,C,Calculated: calculation method used,1,169000,POINT (-5.385402 36.21002)
CO2,ES.CAED/005989000.FACILITY,"IBERDROLA GENERACION, S.A.U.",CENTRAL CICLO COMBINADO ARCOS DE LA FRONTERA,ES,ES612,Cádiz,Arcos de la Frontera,36.675206,-5.815155,1(c),Thermal power stations and other combustion installations,2024,522000000,C,Calculated: calculation method used,1,522000,POINT (-5.815155 36.675206)
CO2,ES.CAED/006240000.FACILITY,"ENDESA GENERACIÓN, S.A.",CENTRAL DIESEL DE MELILLA,ES,ES640,Melilla,MELILLA,35.290441,-2.937943,1(c),Thermal power stations and other combustion installations,2023,135000000,C,Calculated: calculation method used,1,135000,POINT (-2.937943 35.290441)
CO2,ES.CAED/002377000.FACILITY,"COGENERACIÓN MOTRIL, S.A.","COGENERACIÓN MOTRIL, S.A.",ES,ES614,Granada,Motril,36.733447,-3.541294,1(c),Thermal power stations and other combustion installations,2024,105000000,C,Calculated: calculation method used,1,105000,POINT (-3.541294 36.733447)
CO2,ES.CAED/001573000.FACILITY,HOLCIM ESPAÑA SAU,FÁBRICA DE CARBONERAS (LAFARGEHOLCIM ESPAÑA SAU),ES,ES611,Almería,CARBONERAS,36.9665,-1.9029,3(c)(i),Installations for the production of cement clinker in rotary kilns,2024,749000000,C,Calculated: calculation method used,1,749000,POINT (-1.9029 36.9665)
CO2,ES.CAED/003589000.FACILITY,"IBERDROLA GENERACION TERMICA, S.L",CENTRAL TÉRMICA DE ESCOMBRERAS,ES,ES620,Murcia,CARTAGENA,37.564802,-0.952502,1(c),Thermal power stations and other combustion installations,2024,298000000,C,Calculated: calculation method used,1,298000,POINT (-0.952502 37.564802)
CO2,ES.CAED/006515000.FACILITY,"ENGIE CARTAGENA, S.L.","ENGIE CARTAGENA, S.L.",ES,ES620,Murcia,ESCOMBRERAS,37.570458,-0.946256,1(c),Thermal power stations and other combustion installations,2024,282000000,C,Calculated: calculation method used,1,282000,POINT (-0.946256 37.570458)
CO2,ES.CAED/006644000.FACILITY,NATURGY CICLOS COMBINADOS S.L.,CENTRAL TERMICA DE CICLO COMBINADO DE CARTAGENA,ES,ES620,Murcia,ESCOMBRERAS,37.573222,-0.939224,1(c),Thermal power stations and other combustion installations,2024,928000000,C,Calculated: calculation method used,1,928000,POINT (-0.939224 37.573222)
CO2,ES.CAED/001529000.FACILITY,"REPSOL PETROLEO, S.A.","REPSOL PETRÓLEO, S.A. - C.I. CARTAGENA",ES,ES620,Murcia,CARTAGENA,37.622214,-0.982184,1(a),Mineral oil and gas refineries,2024,2520000000,C,Calculated: calculation method used,1,2520000,POINT (-0.982184 37.622214)
CO2,ES.CAED/003896000.FACILITY,ECOCARBURANTES ESPAÑOLES,ECOCARBURANTES ESPAÑOLES,ES,ES620,Murcia,CARTAGENA,37.65789,-0.924361,4(a)(i),"Chemical installations for the production on an industrial scale of basic organic chemicals: Simple hydrocarbons (linear or cyclic, saturated or unsaturated, aliphatic or aromatic)",2024,171000000,E,Estimated,1,171000,POINT (-0.924361 37.65789)
CO2,ES.CAED/007945000.FACILITY,COMPAÑÍA ENERGETICA DE LINARES S.L.,PLANTA DE TRATAMIENTO INTEGRAL DEL ALPERUJO EN LINARES,ES,ES616,Jaén,LINARES,38.083,-3.633,1(c),Thermal power stations and other combustion installations,2024,189000000,C,Calculated: calculation method used,1,189000,POINT (-3.633 38.083)
CO2,ES.CAED/005513000.FACILITY,"ENERGÍA DE LA LOMA, S.A.","ENERGÍA DE LA LOMA, S.A.",ES,ES616,Jaén,VILLANUEVA DEL ARZOBISPO,38.167304,-3,1(c),Thermal power stations and other combustion installations,2024,134000000,C,Calculated: calculation method used,1,134000,POINT (-3 38.167304)
CO2,ES.CAED/001512000.FACILITY,"VOTORANTIM CEMENTOS ESPAÑA, S.A.","FÁBRICA DE CEMENTOS DE MÁLAGA (VOTORANTIM CEMENTOS ESPAÑA, S.A.)",ES,ES617,Málaga,MALAGA,36.716601,-4.326742,3(c)(i),Installations for the production of cement clinker in rotary kilns,2024,613000000,C,Calculated: calculation method used,1,613000,POINT (-4.326742 36.716601)
CO2,ES.CAED/008068000.FACILITY,NATURGY CICLOS COMBINADOS S.L.,CENTRAL DE CICLO COMBINADO DE MÁLAGA,ES,ES617,Málaga,CAMPANILLAS,36.75,-4.56,1(c),Thermal power stations and other combustion installations,2024,209000000,C,Calculated: calculation method used,1,209000,POINT (-4.56 36.75)
CO2,ES.CAED/002344000.FACILITY,"ANDALUZA DE CALES, S.A.","ANDALUZA DE CALES, S.A.",ES,ES618,Sevilla,Morón de la Frontera,37.100491,-5.480688,3(c)(iii),Installations for the production of cement clinker or lime in other furnaces,2024,153000000,C,Calculated: calculation method used,1,153000,POINT (-5.480688 37.100491)
CO2,ES.CAED/005203000.FACILITY,"OLEÍCOLA EL TEJAR NUESTRA SEÑORA DE ARACELI, S.C.A.","COMPLEJO DE PALENCIANA (OLEÍCOLA EL TEJAR NUESTRA SEÑORA DE ARACELI, S.C.A.)",ES,ES613,Córdoba,Palenciana,37.240991,-4.57027,1(c),Thermal power stations and other combustion installations,2024,105000000,C,Calculated: calculation method used,1,105000,POINT (-4.57027 37.240991)
CO2,ES.CAED/003564000.FACILITY,CALGOV S.A.,"CALGOV, S.A.",ES,ES618,Sevilla,Estepa,37.274125,-4.857662,3(c)(iii),Installations for the production of cement clinker or lime in other furnaces,2024,103000000,C,Calculated: calculation method used,1,103000,POINT (-4.857662 37.274125)
CO2,ES.CAED/005986000.FACILITY,"BIOENERGÍA SANTAMARÍA, S.A.","BIOENERGÍA SANTAMARÍA, S.A.",ES,ES613,Córdoba,Lucena,37.361209,-4.500743,1(c),Thermal power stations and other combustion installations,2024,189000000,C,Calculated: calculation method used,1,189000,POINT (-4.500743 37.361209)
CO2,ES.CAED/006333000.FACILITY,"COMPAÑÍA ENERGÉTICA DE PATA DE MULO, S.L.","COMPAÑÍA ENERGÉTICA DE PATA DE MULO, S.L.",ES,ES613,Córdoba,Puente Genil,37.451988,-4.810097,1(c),Thermal power stations and other combustion installations,2024,195000000,C,Calculated: calculation method used,1,195000,POINT (-4.810097 37.451988)
CO2,ES.CAED/006329000.FACILITY,"BIOENERGÉTICA EGABRENSE, S.A.","BIOENERGÉTICA EGABRENSE, S.A.",ES,ES613,Córdoba,Cabra,37.473165,-4.491705,1(c),Thermal power stations and other combustion installations,2024,140000000,C,Calculated: calculation method used,1,140000,POINT (-4.491705 37.473165)
CO2,ES.CAED/004984000.FACILITY,"AGROENERGÉTICA DE BAENA, S.L.","AGROENERGÉTICA DE BAENA, S.L.",ES,ES613,Córdoba,Baena,37.60976,-4.295953,1(c),Thermal power stations and other combustion installations,2024,258000000,C,Calculated: calculation method used,1,258000,POINT (-4.295953 37.60976)
CO2,ES.CAED/010852000.FACILITY,"ENCE ENERGÍA PUERTOLLANO, S.L.U.",PLANTA BIOMASA DE 50 MWE,ES,ES422,Ciudad Real,Puertollano,38.6212,-3.98806,1(c),Thermal power stations and other combustion installations,2024,177000000,C,Calculated: calculation method used,1,177000,POINT (-3.98806 38.6212)
CO2,ES.CAED/001528000.FACILITY,"REPSOL PETROLEO, S.A.",REPSOL PETROLEO S.A.,ES,ES422,Ciudad Real,Puertollano,38.672,-4.0497,1(a),Mineral oil and gas refineries,2024,1300000000,C,Calculated: calculation method used,1,1300000,POINT (-4.0497 38.672)
CO2,ES.CAED/002586000.FACILITY,"CEMEX ESPAÑA OPERACIONES, S.L.U.",CEMEX ESPAÑA-ALICANTE (CEMENTO BLANCO),ES,ES521,Alicante/Alacant,ALICANTE/ALACANT,38.378608,-0.541845,3(c)(i),Installations for the production of cement clinker in rotary kilns,2024,584000000,C,Calculated: calculation method used,1,584000,POINT (-0.541845 38.378608)
CO2,ES.CAED/000135000.FACILITY,GAS Y ELECTRICIDAD GENERACIÓN,C.D.E. EIVISSA,ES,ES531,Eivissa y Formentera,EIVISSA,38.919048,1.4315,1(c),Thermal power stations and other combustion installations,2024,189000000,C,Calculated: calculation method used,1,189000,POINT (1.4315 38.919048)
CO2,ES.CAED/010549000.FACILITY,"ALVINESA NATURAL INGREDIENTS, S.A.",PLANTA DE DESTILACIÓN DE ALCOHOL,ES,ES422,Ciudad Real,Daimiel,39.0224,-3.58229,1(c),Thermal power stations and other combustion installations,2024,106000000,C,Calculated: calculation method used,1,106000,POINT (-3.58229 39.0224)
CO2,ES.CAED/004774000.FACILITY,"MOSTOS VINOS Y ALCOHOLES, S.A.",MOSTOS VINOS Y ALCOHOLES S.A. (MOVIALSA),ES,ES422,Ciudad Real,CAMPO DE CRIPTANA,39.3954,-3.1176,1(c),Thermal power stations and other combustion installations,2023,117000000,C,Calculated: calculation method used,1,117000,POINT (-3.1176 39.3954)
CO2,ES.CAED/002580000.FACILITY,"CIMSA CEMENTOS ESPAÑA, SAU","CIMSA CEMENTOS ESPAÑA, SAU",ES,ES523,Valencia/València,Buñol,39.437751,-0.776613,3(c)(i),Installations for the production of cement clinker in rotary kilns,2024,175000000,C,Calculated: calculation method used,1,175000,POINT (-0.776613 39.437751)
CO2,ES.CAED/000141000.FACILITY,HOLCIM ESPAÑA SAU,HOLCIM ESPAÑA SAU,ES,ES523,Valencia/València,PUERTO (EL),39.666318,-0.245249,3(c)(i),Installations for the production of cement clinker in rotary kilns,2024,648000000,M,Measured: analytical method used,1,648000,POINT (-0.245249 39.666318)
CO2,ES.CAED/007150000.FACILITY,NATURGY CICLOS COMBINADOS S.L.,"NATURGY CICLOS COMBINADOS, S.L.",ES,ES523,Valencia/València,PUERTO (EL),39.677606,-0.279673,1(c),Thermal power stations and other combustion installations,2024,761000000,C,Calculated: calculation method used,1,761000,POINT (-0.279673 39.677606)
CO2,ES.CAED/003587000.FACILITY,"IBERDROLA GENERACION TERMICA, S.L","IBERDROLA GENERACION TERMICA, S.L",ES,ES522,Castellón/Castelló,Castellón de la Plana/Castelló de la Plana,39.957654,-0.00573,1(c),Thermal power stations and other combustion installations,2024,428000000,C,Calculated: calculation method used,1,428000,POINT (-0.00573 39.957654)
CO2,ES.CAED/000704000.FACILITY,"BP ENERGÍA ESPAÑA, S.A.","BP ENERGÍA ESPAÑA, S.A.",ES,ES522,Castellón/Castelló,GRAO,39.976742,0.014574,1(a),Mineral oil and gas refineries,2024,1210000000,C,Calculated: calculation method used,1,1210000,POINT (0.014574 39.976742)
CO2,ES.CAED/002578000.FACILITY,"CEMEX ESPAÑA OPERACIONES, S.L.U.",CEMEX ESPAÑA OPERACIONES (ALCANAR),ES,ES514,Tarragona,Alcanar,40.578911,0.545266,3(c)(i),Installations for the production of cement clinker in rotary kilns,2024,592000000,C,Calculated: calculation method used,1,592000,POINT (0.545266 40.578911)
CO2,ES.CAED/002468000.FACILITY,TARRAGONA POWER S.L.,TARRAGONA POWER,ES,ES514,Tarragona,"Canonja, La",41.105973,1.171925,1(c),Thermal power stations and other combustion installations,2024,210000000,C,Calculated: calculation method used,1,210000,POINT (1.171925 41.105973)
CO2,ES.CAED/001527000.FACILITY,"REPSOL PETROLEO, S.A.",REPSOL REFINERIA TARRAGONA,ES,ES514,Tarragona,"Pobla de Mafumet, La",41.173678,1.227106,1(a),Mineral oil and gas refineries,2023,2030000000,C,Calculated: calculation method used,1,2030000,POINT (1.227106 41.173678)
CO2,ES.CAED/002716000.FACILITY,"DOW CHEMICAL IBÉRICA, S.L.",DOW CHEMICAL IBERICA (DOW NORD),ES,ES514,Tarragona,"Pobla de Mafumet, La",41.178667,1.220202,4(a)(viii),"Chemical installations for the production on an industrial scale of basic organic chemicals: Basic plastic materials (polymers, synthetic fibres and cellulose-based fibres)",2024,920000000,C,Calculated: calculation method used,1,920000,POINT (1.220202 41.178667)
CO2,ES.CAED/001562000.FACILITY,"REPSOL QUIMICA, S.A.",REPSOL QUIMICA,ES,ES514,Tarragona,"Pobla de Mafumet, La",41.194305,1.226122,4(a)(i),"Chemical installations for the production on an industrial scale of basic organic chemicals: Simple hydrocarbons (linear or cyclic, saturated or unsaturated, aliphatic or aromatic)",2024,777000000,C,Calculated: calculation method used,1,777000,POINT (1.226122 41.194305)
CO2,ES.CAED/002112000.FACILITY,REPSOL GENERACION CICLOS COMBINADOS S.L.U.,CENTRAL DE ESCATRON,ES,ES243,Zaragoza,ESCATRON,41.296097,-0.337601,1(c),Thermal power stations and other combustion installations,2024,350000000,C,Calculated: calculation method used,1,350000,POINT (-0.337601 41.296097)
CO2,ES.CAED/003036000.FACILITY,"CEMENTOS PORTLAND VALDERRIVAS, S.A.",CEMENTOS PORTLAND VALDERRIVAS (SANTA MARGARIDA I ELS MONJOS),ES,ES511,Barcelona,Santa Margarida i els Monjos,41.314665,1.663019,3(c)(i),Installations for the production of cement clinker in rotary kilns,2024,928000000,C,Calculated: calculation method used,1,928000,POINT (1.663019 41.314665)
CO2,IT.CAED/090181001.FACILITY,Saras S.p.a,Sarlux srl,IT,ITG2F,Cagliari,SARROCH,39.0971,9.0113,1(a),Mineral oil and gas refineries,2023,5603436984,C,Calculated: calculation method used,1,5603436.984300001,POINT (9.0113 39.0971)
CO2,IT.CAED/090101001.FACILITY,Enel Produzione S.p.A.,"Enel Produzione S.p.A. - Centrale Sulcis ""Grazia Deledda""",IT,ITG2H,Sud Sardegna,PORTOSCUSO,39.1962,8.4008,1(c),Thermal power stations and other combustion installations,2023,1239364910,E,Estimated,1,1239364.91,POINT (8.4008 39.1962)
CO2,IT.CAED/090203012.FACILITY,Heidelberg Materials Italia Cementi SpA (ex Italcementi di Samatzai),Heidelberg Materials Italia Cementi SpA (ex Italcementi di Samatzai),IT,ITG2H,Sud Sardegna,Samatzai,39.469722,9.024167,3(c),"Installations for the production of cement clinker in rotary kilns, lime in rotary kilns, cement or lime in other furnaces. Note to reporters, use Level 3 activity e.g. 3(c)(i), in preference to 3(c). Level 2 activity class (i.e. 3(c)) only to be used where Level 3 is not available.",2023,129774000,C,Calculated: calculation method used,1,129774,POINT (9.024167 39.469722)
CO2,IT.CAED/080292001.FACILITY,BUZZI UNICEM SPA,CEMENTERIA DI SINISCOLA,IT,ITG2E,Nuoro,SINISCOLA,40.5425,9.7192,3(c),"Installations for the production of cement clinker in rotary kilns, lime in rotary kilns, cement or lime in other furnaces. Note to reporters, use Level 3 activity e.g. 3(c)(i), in preference to 3(c). Level 2 activity class (i.e. 3(c)) only to be used where Level 3 is not available.",2023,149275537,C,Calculated: calculation method used,1,149275.537,POINT (9.7192 40.5425)
CO2,FR.CAED/12029.FACILITY,SOCIÉTÉ ANONYME,ELECTRICITE DE FRANCE,FR,FRM01,Corse-du-Sud,AJACCIO,41.9305,8.75774,1(c),Thermal power stations and other combustion installations,2024,258000000,C,Calculated: calculation method used,1,258000,POINT (8.75774 41.9305)
CO2,FR.CAED/12044.FACILITY,SAS,EDF PRODUCTION ELECTRIQUE INSULAIRE SAS,FR,FRM02,Haute-Corse,LUCCIANA,42.52691,9.4464,1(c),Thermal power stations and other combustion installations,2024,324000000,C,Calculated: calculation method used,1,324000,POINT (9.4464 42.52691)
CO2,IT.CAED/170471001.FACILITY,TIRRENO POWER S.p.A.,Centrale Vado Ligure,IT,ITC32,Savona,QUILIANO,44.2766,8.4308,1(c),Thermal power stations and other combustion installations,2023,348263300,C,Calculated: calculation method used,1,348263.3,POINT (8.4308 44.2766)
CO2,IT.CAED/160121001.FACILITY,IPLOM S.p.A,Iplom S.p.A - Raffineria di Busalla,IT,ITC33,Genova,BUSALLA,44.5752,8.9466,1(a),Mineral oil and gas refineries,2023,252794436,C,Calculated: calculation method used,1,252794.436,POINT (8.9466 44.5752)
CO2,IT.CAED/290102006.FACILITY,BUZZI UNICEM SPA - SENZA VINCOLI DI RAPPRESENTAZIONE GRAFICA,BUZZI UNICEM S.p.A.,IT,ITH51,Piacenza,VERNASCA,44.7667,9.81,3(c),"Installations for the production of cement clinker in rotary kilns, lime in rotary kilns, cement or lime in other furnaces. Note to reporters, use Level 3 activity e.g. 3(c)(i), in preference to 3(c). Level 2 activity class (i.e. 3(c)) only to be used where Level 3 is not available.",2023,488155336,C,Calculated: calculation method used,1,488155.336,POINT (9.81 44.7667)
CO2,IT.CAED/151222008.FACILITY,CONFIDENTIAL,Solvay Specialty Polymers Italy S.p.A. - Stabilimento di Spinetta Marengo - Centrale termoelettrica,IT,ITC18,Alessandria,CONFIDENTIAL,44.8856,8.6697,1(c),Thermal power stations and other combustion installations,2023,130393000,M,Measured: analytical method used,1,130393,POINT (8.6697 44.8856)
CO2,IT.CAED/070461001.FACILITY,Fiume Santo S.p.A.,Centrale Fiume Santo,IT,ITG2D,Sassari,PORTO TORRES,40.8516,8.2991,1(c),Thermal power stations and other combustion installations,2023,2276654000,C,Calculated: calculation method used,1,2276654,POINT (8.2991 40.8516)
CO2,FR.CAED/7447.FACILITY,VALOMED,VALOMED,FR,FRL03,Alpes-Maritimes,ANTIBES,43.59961,7.06537,5(b),Installations for the incineration of non-hazardous waste in the scope of Directive 2000/76/EC of the European Parliament and of the Council of 4 December 2000 on the incineration of waste,2024,127000000,E,Estimated,1,127000,POINT (7.06537 43.59961)
CO2,FR.CAED/7444.FACILITY,VICAT SA,VICAT,FR,FRL03,Alpes-Maritimes,BLAUSASC,43.76863,7.33352,3(c)(i),Installations for the production of cement clinker in rotary kilns,2024,434000000,C,Calculated: calculation method used,1,434000,POINT (7.33352 43.76863)
CO2,IT.CAED/120172001.FACILITY,BUZZI UNICEM SPA,BUZZI UNICEM SPA,IT,ITC16,Cuneo,ROBILANTE,44.2833,7.5,3(c),"Installations for the production of cement clinker in rotary kilns, lime in rotary kilns, cement or lime in other furnaces. Note to reporters, use Level 3 activity e.g. 3(c)(i), in preference to 3(c). Level 2 activity class (i.e. 3(c)) only to be used where Level 3 is not available.",2023,700973360,C,Calculated: calculation method used,1,700973.36,POINT (7.5 44.2833)
CO2,IT.CAED/170142003.FACILITY,ITALIANA COKE SRL,ITALIANA COKE SRL,IT,ITC32,Savona,CAIRO MONTENOTTE,44.3808,8.2897,1(d),Coke ovens,2023,129374000,C,Calculated: calculation method used,1,129374,POINT (8.2897 44.3808)
CO2,IT.CAED/120102003.FACILITY,UNICALCE S.P.A. - STABILIMENTO DI BERNEZZO,UNICALCE S.P.A. - STABILIMENTO DI BERNEZZO,IT,ITC16,Cuneo,Bernezzo,44.3911,7.4175,3(c),"Installations for the production of cement clinker in rotary kilns, lime in rotary kilns, cement or lime in other furnaces. Note to reporters, use Level 3 activity e.g. 3(c)(i), in preference to 3(c). Level 2 activity class (i.e. 3(c)) only to be used where Level 3 is not available.",2023,110431000,C,Calculated: calculation method used,1,110431,POINT (7.4175 44.3911)
CO2,IT.CAED/121002002.FACILITY,ENGIE SERVIZI SPA,ENGIE SERVIZI S.p.A,IT,ITC16,Cuneo,Cuneo,44.4378,7.5678,1(c),Thermal power stations and other combustion installations,2023,140766000,C,Calculated: calculation method used,1,140766,POINT (7.5678 44.4378)
CO2,IT.CAED/120392002.FACILITY,SMURFIT KAPPA CARTIERA DI VERZUOLO SRL,SMURFIT KAPPA CARTIERA DI VERZUOLO SRL,IT,ITC16,Cuneo,VERZUOLO,44.5942,7.4847,1(c),Thermal power stations and other combustion installations,2023,180557000,M,Measured: analytical method used,1,180557,POINT (7.4847 44.5942)
CO2,IT.CAED/100241001.FACILITY,Iren Energia S.p.A.,CENTRALE TERMOELETTRICA DI COGENERAZIONE DI MONCALIERI,IT,ITC11,Torino,MONCALIERI,44.9925,7.6763,1(c),Thermal power stations and other combustion installations,2023,1185837000,C,Calculated: calculation method used,1,1185837,POINT (7.6763 44.9925)
CO2,IT.CAED/101511001.FACILITY,Iren Energia S.p.A.,CENTRALE TERMOELETTRICA DI COGENERAZIONE TORINO NORD,IT,ITC11,Torino,TORINO,45.103,7.6105,1(c),Thermal power stations and other combustion installations,2023,654812000,C,Calculated: calculation method used,1,654812,POINT (7.6105 45.103)
CO2,FR.CAED/7420.FACILITY,ZEPHIRE,ZEPHIRE,FR,FRL05,Var,TOULON,43.13648,5.93276,5(b),Installations for the incineration of non-hazardous waste in the scope of Directive 2000/76/EC of the European Parliament and of the Council of 4 December 2000 on the incineration of waste,2024,201000000,E,Estimated,1,201000,POINT (5.93276 43.13648)
CO2,FR.CAED/7659.FACILITY,SOCIÉTÉ ANOMYME,ELECTRICITE DE FRANCE,FR,FRL04,Bouches-du-Rhône,MARTIGUES,43.35307,5.02812,1(c),Thermal power stations and other combustion installations,2024,367000000,C,Calculated: calculation method used,1,367000,POINT (5.02812 43.35307)
CO2,FR.CAED/7783.FACILITY,SNC,LAVERA ENERGIES,FR,FRL04,Bouches-du-Rhône,MARTIGUES,43.38,5,1(c),Thermal power stations and other combustion installations,2024,123000000,E,Estimated,1,123000,POINT (5 43.38)
CO2,FR.CAED/7874.FACILITY,SAS,PETROINEOS MANUFACTURING FRANCE SAS,FR,FRL04,Bouches-du-Rhône,MARTIGUES,43.38403,5.02829,1(a),Mineral oil and gas refineries,2024,1275000064,C,Calculated: calculation method used,1,1275000.064,POINT (5.02829 43.38403)
CO2,FR.CAED/7615.FACILITY,NAPHTACHIMIE,NAPHTACHIMIE,FR,FRL04,Bouches-du-Rhône,MARTIGUES,43.38438,5.01737,4(a)(i),"Chemical installations for the production on an industrial scale of basic organic chemicals: Simple hydrocarbons (linear or cyclic, saturated or unsaturated, aliphatic or aromatic)",2024,1423000064,E,Estimated,1,1423000.064,POINT (5.01737 43.38438)
CO2,FR.CAED/7598.FACILITY,CHAUX DE PROVENCE SACAM,CHAUX DE PROVENCE - SACAM,FR,FRL04,Bouches-du-Rhône,CHATEAUNEUF LES MARTIGUES,43.38636,5.14736,3(c)(iii),Installations for the production of cement clinker or lime in other furnaces,2024,116000000,C,Calculated: calculation method used,1,116000,POINT (5.14736 43.38636)
CO2,FR.CAED/7658.FACILITY,TOTALENERGIES RAFFINAGE FRANCE,TOTALENERGIES RAFFINAGE FRANCE,FR,FRL04,Bouches-du-Rhône,CHATEAUNEUF LES MARTIGUES,43.38846,5.15267,1(a),Mineral oil and gas refineries,2024,217000000,C,Calculated: calculation method used,1,217000,POINT (5.15267 43.38846)
CO2,FR.CAED/30362.FACILITY,IDEX VAR BIOMASSE (IVB),IDEX VAR BIOMASSE (IVB),FR,FRL05,Var,BRIGNOLES,43.39933,6.07663,1(c),Thermal power stations and other combustion installations,2024,179000000,E,Estimated,1,179000,POINT (6.07663 43.39933)
CO2,FR.CAED/7626.FACILITY,LYONDELL CHIMIE FRANCE SAS,LYONDELL CHIMIE FRANCE,FR,FRL04,Bouches-du-Rhône,FOS SUR MER,43.42011,4.8602,4(a)(ii),"Chemical installations for the production on an industrial scale of basic organic chemicals: Oxygen-containing hydrocarbons such as alcohols, aldehydes, ketones, carboxylic acids, esters, acetates, ethers, peroxides, epoxy resins",2024,224000000,C,Calculated: calculation method used,1,224000,POINT (4.8602 43.42011)
CO2,FR.CAED/7945.FACILITY,EVERE,EVERÉ SAS,FR,FRL04,Bouches-du-Rhône,FOS SUR MER,43.42011,4.8602,5(b),Installations for the incineration of non-hazardous waste in the scope of Directive 2000/76/EC of the European Parliament and of the Council of 4 December 2000 on the incineration of waste,2024,312000000,C,Calculated: calculation method used,1,312000,POINT (4.8602 43.42011)
CO2,FR.CAED/7788.FACILITY,LAFARGE CIMENTS,LAFARGE CIMENTS,FR,FRL04,Bouches-du-Rhône,BOUC BEL AIR,43.42341,5.39075,3(c)(i),Installations for the production of cement clinker in rotary kilns,2024,226000000,C,Calculated: calculation method used,1,226000,POINT (5.39075 43.42341)
CO2,FR.CAED/7642.FACILITY,COMPAGNIE INDUSTRIELLE DES FILLERS ET CHAUX,COMPAGNIE INDUSTRIELLE DES FILLERS ET CHAUX,FR,FRL04,Bouches-du-Rhône,FOS SUR MER,43.43069,4.88914,3(c)(iii),Installations for the production of cement clinker or lime in other furnaces,2024,110000000,C,Calculated: calculation method used,1,110000,POINT (4.88914 43.43069)
CO2,FR.CAED/8007.FACILITY,CENTRALE DE COMBIGOLFE,ENGIE FLEXIBLE GENERATION FRANCE,FR,FRL04,Bouches-du-Rhône,FOS SUR MER,43.4368,4.94425,1(c),Thermal power stations and other combustion installations,2024,176000000,C,Calculated: calculation method used,1,176000,POINT (4.94425 43.4368)
CO2,FR.CAED/7646.FACILITY,RHONE ENERGIES FOS SUR MER,RHONE ENERGIES FOS-SUR-MER SAS,FR,FRL04,Bouches-du-Rhône,FOS SUR MER,43.44832,4.93111,1(a),Mineral oil and gas refineries,2024,626000000,C,Calculated: calculation method used,1,626000,POINT (4.93111 43.44832)
CO2,FR.CAED/7624.FACILITY,KEM ONE,KEM ONE,FR,FRL04,Bouches-du-Rhône,FOS SUR MER,43.45583,4.93172,4(a)(vi),Chemical installations for the production on an industrial scale of basic organic chemicals: Halogenic hydrocarbons,2024,116000000,C,Calculated: calculation method used,1,116000,POINT (4.93172 43.45583)
CO2,FR.CAED/7963.FACILITY,CENTRALE DE CYCOFOS,ENGIE FLEXIBLE GENERATION FRANCE,FR,FRL04,Bouches-du-Rhône,FOS SUR MER,43.46265,4.9343,1(c),Thermal power stations and other combustion installations,2024,130000000,C,Calculated: calculation method used,1,130000,POINT (4.9343 43.46265)
CO2,FR.CAED/7652.FACILITY,IMERYS ALUMINATES SA,IMERYS ALUMINATES,FR,FRL04,Bouches-du-Rhône,FOS SUR MER,43.46551,4.93663,3(c)(iii),Installations for the production of cement clinker or lime in other furnaces,2024,140000000,C,Calculated: calculation method used,1,140000,POINT (4.93663 43.46551)
CO2,FR.CAED/7381.FACILITY,GAZEL ENERGIE GENERATION,GAZELENERGIE GENERATION,FR,FRL04,Bouches-du-Rhône,MEYREUIL,43.48744,5.50552,1(c),Thermal power stations and other combustion installations,2023,245000000,C,Calculated: calculation method used,1,245000,POINT (5.50552 43.48744)
CO2,FR.CAED/7633.FACILITY,CD QUARTIERS OUEST BERRE L'ETANG,BASELL POLYOLEFINES FRANCE,FR,FRL04,Bouches-du-Rhône,BERRE L ETANG,43.50295,5.16206,1(c),Thermal power stations and other combustion installations,2024,814000000,C,Calculated: calculation method used,1,814000,POINT (5.16206 43.50295)
CO2,FR.CAED/30364.FACILITY,LYONDELL BASELL SERVICES FRANCE SAS,LYONDELLBASELL SERVICES FRANCE SAS,FR,FRL04,Bouches-du-Rhône,BERRE L ETANG,43.50295,5.16206,1(c),Thermal power stations and other combustion installations,2024,121000000,E,Estimated,1,121000,POINT (5.16206 43.50295)
CO2,FR.CAED/7494.FACILITY,SUEZ RV ENERGIE,SUEZ RV ENERGIE,FR,FRL06,Vaucluse,VEDENE,43.97171,4.89041,5(b),Installations for the incineration of non-hazardous waste in the scope of Directive 2000/76/EC of the European Parliament and of the Council of 4 December 2000 on the incineration of waste,2024,195000000,M,Measured: analytical method used,1,195000,POINT (4.89041 43.97171)
CO2,FR.CAED/5760.FACILITY,DROME ENERGIE SERVICES,DROME ENERGIE SERVICES,FR,FRK23,Drôme,PIERRELATTE,44.33877,4.70818,1(c),Thermal power stations and other combustion installations,2024,125000000,C,Calculated: calculation method used,1,125000,POINT (4.70818 44.33877)
CO2,FR.CAED/5246.FACILITY,GRENOBLE ALPES MÉTROPOLE,METROPOLE GRENOBLE-ALPES-METROPOLE (METRO),FR,FRK24,Isère,LA TRONCHE,45.22186,5.7488,5(b),Installations for the incineration of non-hazardous waste in the scope of Directive 2000/76/EC of the European Parliament and of the Council of 4 December 2000 on the incineration of waste,2024,186000000,E,Estimated,1,186000,POINT (5.7488 45.22186)
CO2,FR.CAED/5217.FACILITY,SA,VICAT,FR,FRK24,Isère,ST EGREVE,45.2344,5.66991,3(c)(i),Installations for the production of cement clinker in rotary kilns,2024,146000000,C,Calculated: calculation method used,1,146000,POINT (5.66991 45.2344)
CO2,IT.CAED/270581001.FACILITY,Voghera Energia S.p.A.,Voghera Energia S.p.A.,IT,ITC48,Pavia,VOGHERA,45.0286,8.9733,1(c),Thermal power stations and other combustion installations,2023,878076800,C,Calculated: calculation method used,1,878076.8,POINT (8.9733 45.0286)
CO2,IT.CAED/291222003.FACILITY,INDUSTRIA CEMENTI GIOVANNI ROSSI S.P.A.,INDUSTRIA CEMENTI GIOVANNI ROSSI S.P.A.,IT,ITH51,Piacenza,PIACENZA,45.0497,9.7186,3(c),"Installations for the production of cement clinker in rotary kilns, lime in rotary kilns, cement or lime in other furnaces. Note to reporters, use Level 3 activity e.g. 3(c)(i), in preference to 3(c). Level 2 activity class (i.e. 3(c)) only to be used where Level 3 is not available.",2023,330208000,C,Calculated: calculation method used,1,330208,POINT (9.7186 45.0497)
CO2,IT.CAED/291211001.FACILITY,A2A gencogas S.p.A.,Centrale Termoelettrica di Piacenza,IT,ITH51,Piacenza,PIACENZA,45.0545,9.7104,1(c),Thermal power stations and other combustion installations,2023,395934246.7,E,Estimated,1,395934.24669999996,POINT (9.7104 45.0545)
CO2,IT.CAED/291222006.FACILITY,IREN AMBIENTE SPA,IREN AMBIENTE S.p.A. (CENTRO STOCCAGGIO E TRATTAMENTO RIFIUTI),IT,ITH51,Piacenza,PIACENZA,45.0585,9.7325,5(b),Installations for the incineration of non-hazardous waste in the scope of Directive 2000/76/EC of the European Parliament and of the Council of 4 December 2000 on the incineration of waste,2023,111487000,M,Measured: analytical method used,1,111487,POINT (9.7325 45.0585)
CO2,IT.CAED/290151001.FACILITY,Enel Produzione S.p.A.,ENEL PRODUZIONE S.P.A. - POWER PLANT NORTH C.LE LA CASELLA,IT,ITH51,Piacenza,CASTEL SAN GIOVANNI,45.0899,9.4794,1(c),Thermal power stations and other combustion installations,2023,1042493904,C,Calculated: calculation method used,1,1042493.904,POINT (9.4794 45.0899)
CO2,IT.CAED/270391001.FACILITY,Eni S.p.A.,RAFFINERIA DI SANNAZZARO DE' BURGONDI,IT,ITC48,Pavia,SANNAZZARO DE' BURGONDI,45.0997,8.8768,1(a),Mineral oil and gas refineries,2023,1627809000,C,Calculated: calculation method used,1,1627809,POINT (8.8768 45.0997)
CO2,IT.CAED/270321001.FACILITY,Enipower S.p.A.,stabilimento di Ferrera Erbognone,IT,ITC48,Pavia,FERRERA ERBOGNONE,45.1002,8.8666,1(c),Thermal power stations and other combustion installations,2023,2206461000,C,Calculated: calculation method used,1,2206461,POINT (8.8666 45.1002)
CO2,IT.CAED/268211001.FACILITY,Sorgenia Power S.p.A.,CENTRALE A CICLO COMBINATO DI TURANO LODIGIANO E BERTONICO,IT,ITC49,Lodi,BERTONICO,45.2219,9.6491,1(c),Thermal power stations and other combustion installations,2023,474170591.3,C,Calculated: calculation method used,1,474170.59130000003,POINT (9.6491 45.2219)
CO2,IT.CAED/270202001.FACILITY,A2A AMBIENTE (ex LOMELLINA ENERGIA),LOMELLINA ENERGIA,IT,ITC48,Pavia,Parona,45.2804,8.7776,5(b),Installations for the incineration of non-hazardous waste in the scope of Directive 2000/76/EC of the European Parliament and of the Council of 4 December 2000 on the incineration of waste,2023,254107000,M,Measured: analytical method used,1,254107,POINT (8.7776 45.2804)
CO2,IT.CAED/268361001.FACILITY,EP Produzione S.p.A.,centrale di Tavazzano e  Montanaso,IT,ITC49,Lodi,MONTANASO LOMBARDO,45.3345,9.4359,1(c),Thermal power stations and other combustion installations,2023,1252899770,C,Calculated: calculation method used,1,1252899.77,POINT (9.4359 45.3345)
CO2,IT.CAED/200972003.FACILITY,Enipower spa,Centrale di Cogenerazione,IT,ITC4C,Milano,SAN DONATO MILANESE,45.4172,9.2828,1(c),Thermal power stations and other combustion installations,2023,118706000,E,Estimated,1,118706,POINT (9.2828 45.4172)
CO2,IT.CAED/280691001.FACILITY,S.A.R.P.O.M. SOCIETA' A RESPONSABILITA' LIMITATA RAFFINERIA PADANA OLII MINERALI,RAFFINERIA SARPOM DI TRECATE,IT,ITC15,Novara,TRECATE,45.4372,8.7858,1(a),Mineral oil and gas refineries,2023,947336807.6,M,Measured: analytical method used,1,947336.8076000001,POINT (8.7858 45.4372)
CO2,IT.CAED/201532001.FACILITY,A2A Ambiente S.p.A.,Impianto di termovalorizzazione Silla 2,IT,ITC4C,Milano,Milano,45.5042,9.0706,5(b),Installations for the incineration of non-hazardous waste in the scope of Directive 2000/76/EC of the European Parliament and of the Council of 4 December 2000 on the incineration of waste,2023,277838329,C,Calculated: calculation method used,1,277838.329,POINT (9.0706 45.5042)
CO2,IT.CAED/200621001.FACILITY,A2A gencogas S.p.A.,CENTRALE TERMOELETTRICA DI CASSANO D'ADDA,IT,ITC4C,Milano,CASSANO D'ADDA,45.5119,9.5102,1(c),Thermal power stations and other combustion installations,2023,463159000,E,Estimated,1,463159,POINT (9.5102 45.5119)
CO2,IT.CAED/200291001.FACILITY,Iren Energia S.p.A.,IREN ENERGIA S.P.A. - Turbigo,IT,ITC4C,Milano,TURBIGO,45.5212,8.739,1(c),Thermal power stations and other combustion installations,2023,954808000,C,Calculated: calculation method used,1,954808,POINT (8.739 45.5212)
CO2,IT.CAED/200562001.FACILITY,A2A TREZZO (ex PRIMA),IMPIANTO DI TERMOVALORIZZAZIONE RIFIUTI SOLIDI URBANI E NON PERICOLOSI,IT,ITC4C,Milano,Trezzo sull'Adda,45.5936,9.5078,5(b),Installations for the incineration of non-hazardous waste in the scope of Directive 2000/76/EC of the European Parliament and of the Council of 4 December 2000 on the incineration of waste,2023,172066000,M,Measured: analytical method used,1,172066,POINT (9.5078 45.5936)
CO2,IT.CAED/208322001.FACILITY,Brianza Energia Ambiente S.p.A.,Brianza Energia Ambiente S.p.A.,IT,ITC4D,Monza e della Brianza,Desio,45.6164,9.1825,5(b),Installations for the incineration of non-hazardous waste in the scope of Directive 2000/76/EC of the European Parliament and of the Council of 4 December 2000 on the incineration of waste,2023,101151278,M,Measured: analytical method used,1,101151.278,POINT (9.1825 45.6164)
CO2,IT.CAED/210102002.FACILITY,A2A Airport Energy S.P.A.,Centrale di Cogenerazione di Malpensa,IT,ITC41,Varese,FERNO,45.6203,8.7397,1(c),Thermal power stations and other combustion installations,2023,122997000,E,Estimated,1,122997,POINT (8.7397 45.6203)
CO2,IT.CAED/240442001.FACILITY,REA Dalmine SpA,REA Dalmine SpA,IT,ITC46,Bergamo,Dalmine,45.6356,9.6097,5(b),Installations for the incineration of non-hazardous waste in the scope of Directive 2000/76/EC of the European Parliament and of the Council of 4 December 2000 on the incineration of waste,2023,199521300,C,Calculated: calculation method used,1,199521.3,POINT (9.6097 45.6356)
CO2,IT.CAED/240332003.FACILITY,Italcementi S.p.A.,HEIDELBERG MATERIALS ITALIA CEMENTI S.p.A  (EX   ITALCEMENTI CEMENTERIA DI CALUSCO D`ADDA),IT,ITC46,Bergamo,CALUSCO D'ADDA,45.6847,9.4667,3(c),"Installations for the production of cement clinker in rotary kilns, lime in rotary kilns, cement or lime in other furnaces. Note to reporters, use Level 3 activity e.g. 3(c)(i), in preference to 3(c). Level 2 activity class (i.e. 3(c)) only to be used where Level 3 is not available.",2023,722839000,C,Calculated: calculation method used,1,722839,POINT (9.4667 45.6847)
CO2,IT.CAED/100401001.FACILITY,ENGIE Produzione S.p.A.,CENTRALE DI LEINI',IT,ITC11,Torino,LEINI',45.1622,7.7516,1(c),Thermal power stations and other combustion installations,2023,870829589,C,Calculated: calculation method used,1,870829.589,POINT (7.7516 45.1622)
CO2,IT.CAED/100341001.FACILITY,A2A gencogas S.p.A.,CENTRALE TERMOELETTRICA DI CHIVASSO,IT,ITC11,Torino,CHIVASSO,45.1854,7.9005,1(c),Thermal power stations and other combustion installations,2023,513299400,C,Calculated: calculation method used,1,513299.4,POINT (7.9005 45.1854)
CO2,IT.CAED/130442002.FACILITY,CONFIDENTIAL,CONFIDENTIAL,IT,ITC12,Vercelli,CONFIDENTIAL,45.2017,8.0573,4(a),"Chemical installations for the production on an industrial scale of basic organic chemicals. Note to reporters, use Level 3 activity e.g. 4(a)(iii), in preference to 4(a). Level 2 activity class (i.e. 4(a)) only to be used where Level 3 is not available.",2023,224924200,C,Calculated: calculation method used,1,224924.2,POINT (8.0573 45.2017)
CO2,IT.CAED/130461001.FACILITY,EP Produzione Centrale Livorno Ferraris S.p.A.,CENTRALE DI LIVORNO FERRARIS,IT,ITC12,Vercelli,LIVORNO FERRARIS,45.2377,8.1927,1(c),Thermal power stations and other combustion installations,2023,1226922000,C,Calculated: calculation method used,1,1226922,POINT (8.1927 45.2377)
CO2,IT.CAED/221002005.FACILITY,Acinque Ambiente S.r.l.,TERMOVALORIZZATORE COMO,IT,ITC42,Como,Como,45.7733,9.0725,5(b),Installations for the incineration of non-hazardous waste in the scope of Directive 2000/76/EC of the European Parliament and of the Council of 4 December 2000 on the incineration of waste,2023,107999880,C,Calculated: calculation method used,1,107999.88,POINT (9.0725 45.7733)
CO2,IT.CAED/210202005.FACILITY,Holcim (Italia) S.p.A.,Holcim (Italia) S.p.A. - unità produttiva di Ternate,IT,ITC41,Varese,COMABBIO,45.7794,8.6794,3(c),"Installations for the production of cement clinker in rotary kilns, lime in rotary kilns, cement or lime in other furnaces. Note to reporters, use Level 3 activity e.g. 3(c)(i), in preference to 3(c). Level 2 activity class (i.e. 3(c)) only to be used where Level 3 is not available.",2023,475942000,C,Calculated: calculation method used,1,475942,POINT (8.6794 45.7794)
CO2,IT.CAED/240122001.FACILITY,UNICALCE S.P.A.,UNICALCE S.P.A. - STABILIMENTO DI VAL BREMBILLA,IT,ITC46,Bergamo,VAL BREMBILLA,45.7886,9.6261,3(c),"Installations for the production of cement clinker in rotary kilns, lime in rotary kilns, cement or lime in other furnaces. Note to reporters, use Level 3 activity e.g. 3(c)(i), in preference to 3(c). Level 2 activity class (i.e. 3(c)) only to be used where Level 3 is not available.",2023,231572000,C,Calculated: calculation method used,1,231572,POINT (9.6261 45.7886)
CO2,IT.CAED/238682003.FACILITY,SILEA SPA,Impianto di termovalorizzazione di Valmadrera,IT,ITC43,Lecco,Valmadrera,45.8378,9.3583,5(b),Installations for the incineration of non-hazardous waste in the scope of Directive 2000/76/EC of the European Parliament and of the Council of 4 December 2000 on the incineration of waste,2023,137712688,M,Measured: analytical method used,1,137712.688,POINT (9.3583 45.8378)
CO2,IT.CAED/239002006.FACILITY,CONFIDENTIAL,CONFIDENTIAL,IT,ITC43,Lecco,CONFIDENTIAL,45.8392,9.4186,3(c),"Installations for the production of cement clinker in rotary kilns, lime in rotary kilns, cement or lime in other furnaces. Note to reporters, use Level 3 activity e.g. 3(c)(i), in preference to 3(c). Level 2 activity class (i.e. 3(c)) only to be used where Level 3 is not available.",2023,116462000,C,Calculated: calculation method used,1,116462,POINT (9.4186 45.8392)
CO2,IT.CAED/210322001.FACILITY,CONFIDENTIAL,CONFIDENTIAL,IT,ITC41,Varese,CONFIDENTIAL,45.8872,8.6664,3(c),"Installations for the production of cement clinker in rotary kilns, lime in rotary kilns, cement or lime in other furnaces. Note to reporters, use Level 3 activity e.g. 3(c)(i), in preference to 3(c). Level 2 activity class (i.e. 3(c)) only to be used where Level 3 is not available.",2023,494523000,C,Calculated: calculation method used,1,494523,POINT (8.6664 45.8872)
CO2,ES.CAED/008153000.FACILITY,NATURGY CICLOS COMBINADOS S.L.,CENTRAL TERMICA DE CICLE COMBINAT (PORT DE BARCELONA),ES,ES511,Barcelona,Barcelona,41.338591,2.160452,1(c),Thermal power stations and other combustion installations,2024,420000000,C,Calculated: calculation method used,1,420000,POINT (2.160452 41.338591)
CO2,ES.CAED/000306000.FACILITY,"CALES DE PACHS,S.A.",CALES DE PACHS,ES,ES511,Barcelona,Pacs del Penedès,41.366699,1.684755,3(c)(ii),Installations for the production of lime in rotary kilns,2024,105000000,C,Calculated: calculation method used,1,105000,POINT (1.684755 41.366699)
CO2,ES.CAED/000296000.FACILITY,"CEMENTOS MOLINS INDUSTRIAL, SAU",CEMENTOS MOLINS INDUSTRIAL (SANT VICENÇ DELS HORTS),ES,ES511,Barcelona,Sant Vicenç dels Horts,41.408723,1.999262,3(c)(i),Installations for the production of cement clinker in rotary kilns,2024,905000000,C,Calculated: calculation method used,1,905000,POINT (1.999262 41.408723)
CO2,ES.CAED/004857000.FACILITY,"TRACTAMENT I SELECCIÓ DE RESIDUS, SA",PLANTA DE VALORITZACIO ENERGETICA DE SANT ADRIA DE BESOS,ES,ES511,Barcelona,Sant Adrià de Besòs,41.419171,2.229837,5(b),Installations for the incineration of non-hazardous waste in the scope of Directive 2000/76/EC of the European Parliament and of the Council of 4 December 2000 on the incineration of waste,2024,323000000,C,Calculated: calculation method used,1,323000,POINT (2.229837 41.419171)
CO2,ES.CAED/008402000.FACILITY,"ENDESA GENERACIÓN, S.A.",CENTRAL TERMICA DE CICLE COMBINAT (SANT ADRIÀ DE BESÒS - GRUP 5),ES,ES511,Barcelona,Sant Adrià de Besòs,41.420804,2.231541,1(c),Thermal power stations and other combustion installations,2024,695000000,C,Calculated: calculation method used,1,695000,POINT (2.231541 41.420804)
CO2,ES.CAED/004848000.FACILITY,NATURGY CICLOS COMBINADOS S.L.,CENTRAL TERMICA DE CICLE COMBINAT (SANT ADRIÀ DE BESÒS - GRUPS 3 I 4),ES,ES511,Barcelona,Sant Adrià de Besòs,41.420832,2.228956,1(c),Thermal power stations and other combustion installations,2024,607000000,C,Calculated: calculation method used,1,607000,POINT (2.228956 41.420832)
CO2,ES.CAED/002585000.FACILITY,"CEMEX ESPAÑA OPERACIONES, S.L.U.","CEMEX ESPAÑA OPERACIONES, S.L.U. - PLANTA DE MORATA",ES,ES243,Zaragoza,MORATA DE JALON,41.475622,-1.488365,3(c)(i),Installations for the production of cement clinker in rotary kilns,2024,284000000,C,Calculated: calculation method used,1,284000,POINT (-1.488365 41.475622)
CO2,ES.CAED/000144000.FACILITY,HOLCIM ESPAÑA SAU,FÁBRICA DE MONTCADA (LAFARGEHOLCIM ESPAÑA SAU),ES,ES511,Barcelona,Montcada i Reixac,41.477659,2.186544,3(c)(i),Installations for the production of cement clinker in rotary kilns,2024,424000000,C,Calculated: calculation method used,1,424000,POINT (2.186544 41.477659)
CO2,ES.CAED/006516000.FACILITY,GAS Y ELECTRICIDAD GENERACIÓN,CENTRAL CICLO COMBINADO CA'S TRESORER,ES,ES532,Mallorca,PALMA,39.567803,2.689966,1(c),Thermal power stations and other combustion installations,2024,829000000,C,Calculated: calculation method used,1,829000,POINT (2.689966 39.567803)
CO2,ES.CAED/000132000.FACILITY,"TIRME, S.A.","TIRME,S.A. COMPLEJO DE TRATAMIENTO INTEGRAL DE RESIDUOS URBANOS DE SON REUS",ES,ES532,Mallorca,PALMA,39.644351,2.681217,5(b),Installations for the incineration of non-hazardous waste in the scope of Directive 2000/76/EC of the European Parliament and of the Council of 4 December 2000 on the incineration of waste,2024,560000000,M,Measured: analytical method used,1,560000,POINT (2.681217 39.644351)
CO2,ES.CAED/000136000.FACILITY,GAS Y ELECTRICIDAD GENERACIÓN,C.T.C.C. SON REUS,ES,ES532,Mallorca,PALMA,39.648724,2.680348,1(c),Thermal power stations and other combustion installations,2024,503000000,C,Calculated: calculation method used,1,503000,POINT (2.680348 39.648724)
CO2,ES.CAED/000138000.FACILITY,GAS Y ELECTRICIDAD GENERACIÓN,C.D.E. MAÓ,ES,ES533,Menorca,MAO,39.896436,4.259713,1(c),Thermal power stations and other combustion installations,2024,331000000,C,Calculated: calculation method used,1,331000,POINT (4.259713 39.896436)
CO2,FR.CAED/13703.FACILITY,PAPREC ENERGIES 66,PAPREC ENERGIES 66,FR,FRJ15,Pyrénées-Orientales,CALCE,42.73443,2.76435,5(b),Installations for the incineration of non-hazardous waste in the scope of Directive 2000/76/EC of the European Parliament and of the Council of 4 December 2000 on the incineration of waste,2024,197000000,C,Calculated: calculation method used,1,197000,POINT (2.76435 42.73443)
CO2,FR.CAED/8921.FACILITY,LAFARGE CIMENTS,LAFARGE CIMENTS,FR,FRJ11,Aude,PORT LA NOUVELLE,43.02208,3.0325,3(c)(i),Installations for the production of cement clinker in rotary kilns,2024,454000000,C,Calculated: calculation method used,1,454000,POINT (3.0325 43.02208)
CO2,FR.CAED/9077.FACILITY,SAS,OCTAV,FR,FRJ13,Hérault,LUNEL VIEL,43.67549,4.0814,5(b),Installations for the incineration of non-hazardous waste in the scope of Directive 2000/76/EC of the European Parliament and of the Council of 4 December 2000 on the incineration of waste,2024,127000000,C,Calculated: calculation method used,1,127000,POINT (4.0814 43.67549)
CO2,FR.CAED/9155.FACILITY,EVOLIA,EVOLIA,FR,FRJ12,Gard,NIMES,43.79115,4.34382,5(b),Installations for the incineration of non-hazardous waste in the scope of Directive 2000/76/EC of the European Parliament and of the Council of 4 December 2000 on the incineration of waste,2024,108000000,E,Estimated,1,108000,POINT (4.34382 43.79115)
CO2,FR.CAED/8958.FACILITY,CIMENTS CALCIA - HEIDELBERG MATERIALS FRANCE CIMENTS HMF C,HEIDELBERG MATERIALS FRANCE CIMENTS,FR,FRJ12,Gard,BEAUCAIRE,43.79239,4.53224,3(c)(i),Installations for the production of cement clinker in rotary kilns,2024,391000000,C,Calculated: calculation method used,1,391000,POINT (4.53224 43.79239)
CO2,FR.CAED/8983.FACILITY,FERROGLOBE,FERROGLOBE FRANCE,FR,FRJ12,Gard,LAUDUN L ARDOISE,44.09091,4.69729,2(d),Ferrous metal foundries with a production capacity of 20 tonnes per day,2024,184000000,C,Calculated: calculation method used,1,184000,POINT (4.69729 44.09091)
CO2,FR.CAED/10017.FACILITY,LAFARGE CIMENTS,LAFARGE CIMENTS,FR,FRJ23,Haute-Garonne,MARTRES TOLOSANE,43.19431,0.99741,3(c)(i),Installations for the production of cement clinker in rotary kilns,2024,439000000,C,Calculated: calculation method used,1,439000,POINT (0.99741 43.19431)
CO2,FR.CAED/9964.FACILITY,SETMI,SOC D'EXPLOITATION THERMIQUE DU MIRAIL,FR,FRJ23,Haute-Garonne,TOULOUSE,43.55826,1.39858,5(b),Installations for the incineration of non-hazardous waste in the scope of Directive 2000/76/EC of the European Parliament and of the Council of 4 December 2000 on the incineration of waste,2024,173000000,C,Calculated: calculation method used,1,173000,POINT (1.39858 43.55826)
CO2,FR.CAED/10012.FACILITY,SAS,ECONOTRE,FR,FRJ23,Haute-Garonne,BESSIERES,43.80083,1.59807,5(b),Installations for the incineration of non-hazardous waste in the scope of Directive 2000/76/EC of the European Parliament and of the Council of 4 December 2000 on the incineration of waste,2024,188000000,C,Calculated: calculation method used,1,188000,POINT (1.59807 43.80083)
CO2,FR.CAED/5097.FACILITY,LAFARGE CIMENTS,LAFARGE CIMENTS,FR,FRK22,Ardèche,LE TEIL,44.52186,4.68728,3(c)(i),Installations for the production of cement clinker in rotary kilns,2024,591000000,C,Calculated: calculation method used,1,591000,POINT (4.68728 44.52186)
