DATA_SOURCE,COUNTRY_CODE,SOURCE_ID,GROUP,CONFIDENCE_TIER,RESERVOIR_CAT,NAME,STATUS,TYPE,lat,lon,x,y,PROJECTION,EPSG,TOTAL_CAPACITY_LOW_MT,TOTAL_CAPACITY_BASE_MT,TOTAL_CAPACITY_HIGH_MT,REMAINING_CAPACITY_MT,AVAILABLE_CAPACITY_MT,REMAINING_RATIO,PHASE1_YR,PHASE1_MTPA,PHASE2_YR,PHASE2_MTPA,PHASE3_YR,PHASE3_MTPA,PHASE4_YR,PHASE4_MTPA,TERMINAL,CURRENT_PRESSURE_MIN_BAR,CURRENT_PRESSURE_MEAN_BAR,CURRENT_PRESSURE_MAX_BAR,LIMIT_PRESSURE_MIN_BAR,LIMIT_PRESSURE_MEAN_BAR,LIMIT_PRESSURE_MAX_BAR,APPROX_DEPTH_mTVD,RESERVOIR_THICK_MIN_M,RESERVOIR_THICK_MEAN_M,RESERVOIR_THICK_MAX_M,MIN_SEAL_THICKNESS_M,REGION
EU PCI,GR,PCI_13.11,GR-1,1,1.0,Prinos,Advanced development,Saline Aquifer with hydrocarbon fields,40.8020352968049,24.4553683886739,375095.0,4826084.0,LAMBERT CONFORMAL CONIC - Project Projection,2100.0,,66.4,,,,,2026.0,1.0,2029.0,2.8,,,,,Revithousa,270.0,310.0,320.0,380.0,400.0,410.0,2400.0,,,,,
EU PCI,IT,PCI_13.5,IT-1,1,1.0,Ravenna,In operation,Depleted hydrocarbon field,44.51228,12.359599,,,,,,515.0,,,,,2024.0,0.025,2030.0,4.0,2035.0,12.0,2040.0,16.0,Ravenna,,,,,,,,,,,,
EU Innovation Fund,ES,IF_101191313,ES-1,1,1.0,TarraCO2,Early Development,Saline Aquifer,40.717,1.3583,,,,,,54.0,,,,,2030.0,2.0,,,,,,,Terragona,,,,,,,,,,,,
Report_L3,IT,,IT-2,4,3.0,Jonio,Producing,Hydrocarbon field,39.114236,17.181692,,,,32633.0,,130.0,,,,,2040.0,,,,,,,,Crotone,,,,,,,2200.0,,570.0,,1500.0,
Article_G3,HR,,HR-1,4,2.0,Klara,Drilled,Saline Aquifer,43.59609999772307,15.083679947104253,506754.31,4827017.55,UTM 33N EPSG:32633,32633.0,,38.66,,,,,,,,,,,,,,,,,,,,2200.0,,570.0,,1500.0,
Article_G3,HR,,HR-1,4,2.0,Kate,Drilled,Saline Aquifer,43.60686462359387,15.339032825382109,527360.5,4828265.5,UTM 33N EPSG:32633,32633.0,,45.3,,,,,,,,,,,,,,,,,,,,2200.0,,502.0,,1500.0,
Article_G4,HR,,HR-2,4,3.0,Dugi Otok_Miocene Sandstone,Drilled but need more data,Saline Aquifer,43.60155363112335,15.211345279439891,517057.405,4827641.525,UTM 33N EPSG:32633,32633.0,,327.075,,,,,,,,,,,,,,,293.97,,,,,2923.5,,,,,
Article_G4,HR,,HR-4,4,3.0,Structure 5,Undrilled,Saline Aquifer,43.277084117764446,15.924312866876136,575000.0,4792000.0,UTM 33N EPSG:32633,32633.0,,33.95,,,,,,,,,,,,,,,,,,160.2,,890.0,,,,,
Article_G2,EG,,EG-4,3,4.0,Amal Field (Upper Rudies),Producing,Hydrocarbon field,28.067,33.567,,,,,3.6,20.49,48.5,,,,,,,,,,,,,,,,,,,2350.0,,,,,Gulf of Suez Offshore
Report_L1,EG,,EG-3,4,4.0,West Delta Deep Marine Development Lease,Producing,Hydrocarbon field,31.9725,30.347,,,,,,221.84,,19.50999999999999,202.33,0.08794626758023796,,,,,,,,,,,,,,,,,,,,,Nile Delta Offshore
Report_L1,EG,,EG-3,4,2.0,El-Temsah Development Lease,Producing,Hydrocarbon field,31.618,32.382,,,,,,77.0,,2.0799999999999983,74.92,0.027012987012986992,,,,,,,,,,,,,,,,,,,,,Nile Delta Offshore
Report_L1,EG,,EG-3,4,4.0,Abu Qir Development Lease,Producing,Hydrocarbon field,31.3,30.1893,,,,,,101.31,,28.950000000000003,72.36,0.2857565886881848,,,,,,,,,,,,,,,,,,,,,Nile Delta Offshore
Report_L1,EG,,EG-3,4,2.0,Ras El-Barr Development Lease,Producing,Hydrocarbon field,32.03,31.5,,,,,,70.66,,2.200000000000003,68.46,0.031135012737050705,,,,,,,,,,,,,,,,,,,,,Nile Delta Offshore
Report_L1,EG,,EG-5,4,2.0,El Morgan,Producing,Hydrocarbon field,28.214,33.447,,,,,,63.75,,2.210000000000001,61.54,0.03466666666666668,,,,,,,,,,,,,,,,,,,,,Gulf of Suez Offshore
Report_L1,EG,,EG-3,4,4.0,Baltim Development Lease,Producing,Hydrocarbon field,32.102,31.05,,,,,,46.11,,11.579999999999998,34.53,0.2511385816525699,,,,,,,,,,,,,,,,,,,,,Nile Delta Offshore
Report_L1,EG,,EG-5,4,2.0,Belayim Development Lease,Producing,Hydrocarbon field,28.6197,33.2076,,,,,,36.91,,3.049999999999997,33.86,0.082633432674072,,,,,,,,,,,,,,,,,,,,,Gulf of Suez Offshore
Report_L1,EG,,EG-5,4,2.0,October,Producing,Hydrocarbon field,28.816,33.06,,,,,,32.1,,0.4200000000000017,31.68,0.013084112149532763,,,,,,,,,,,,,,,,,,,,,Gulf of Suez Offshore
Report_L1,EG,,EG-5,4,2.0,July,Producing,Hydrocarbon field,28.2282,33.2409,,,,,,30.95,,0.05000000000000071,30.9,0.0016155088852988922,,,,,,,,,,,,,,,,,,,,,Gulf of Suez Offshore
Report_L1,EG,,EG-3,4,4.0,North Port Said Development Lease,Producing,Hydrocarbon field,31.8,32.1,,,,,,31.45,,1.1899999999999977,30.26,0.037837837837837764,,,,,,,,,,,,,,,,,,,,,Nile Delta Offshore
Report_L1,EG,,EG-1,4,2.0,Rosetta Development Lease,Abandoned,Hydrocarbon field,32.248533,30.591407,,,,,,29.17,,0.0,29.17,0.0,,,,,,,,,,,,,,,,,,,,,Nile Delta Offshore
Report_L1,EG,,EG-5,4,2.0,Ramadan,Producing,Hydrocarbon field,28.588,33.167,,,,,,25.02,,0.03999999999999915,24.98,0.0015987210231814208,,,,,,,,,,,,,,,,,,,,,Gulf of Suez Offshore
Report_L1,EG,,EG-2,4,3.0,Abu Madi,Undrilled,Saline Aquifer,31.361166,31.178274,,,,,10.3,38.8,119.0,,,,,,,,,,,,,,,,,,,,,,,,Nile Delta Offshore
CO2StoP,AT,AT_F_20121102160144734,,5,,Hauptdolomit_bajuvarian nappe,,Saline Aquifer with hydrocarbon fields,48.33344150015456,16.62619810908686,620521.446,5354639.782,ETRS_1989_UTM_Zone_33N,25833.0,,34.188,,,,,,,,,,,,,,,,,,295.2,,,,,,,
CO2StoP,BE,BE_F_20120921102046500,,5,4.0,Buntsandstein FM,limited information available. Buntsandstein FM can be found in both the Campine Basin as the Roer Valley Graben. Conditions in the Roer Valley Graben are beter (depth),Saline Aquifer without hydrocarbon fields,51.150699561864876,5.439363143089914,225000.0,205000.0,"Belgian datum 72, Lambert 1972",31370.0,12.0,31.0,189.0,,,,,,,,,,,,,,152.0,,,,,1550.0,,,,,
CO2StoP,BE,BE_F_20120921102921359,,5,4.0,Neeroeteren FM,Limited information available; possible pressence in Roer Valley Graben at sufficient depth but no core information available in RVG (data used is interpolated from boreholes in Campine Basin at 600 m depth),Saline Aquifer without hydrocarbon fields,51.18611581092651,5.497391155135644,229000.0,209000.0,"Belgian datum 72, Lambert 1972",31370.0,18.0,33.0,170.0,,,,,,,,,,,,,81.0,141.0,201.0,,,,1400.0,,,,,
CO2StoP,BE,BE_F_20120924135156406,,5,4.0,Dinantian North FM,little data available,Saline Aquifer without hydrocarbon fields,51.25393608366763,4.711236240098453,174000.0,216000.0,"Belgian datum 72, Lambert 1972",31370.0,15.0,54.0,489.0,,,,,,,,,,,,,31.0,141.0,251.0,,,,1400.0,,,,,
CO2StoP,BE,BE_F_20121002151947640,,5,4.0,Devonian North FM,"no core data availeble, capacities calculated with Geo-techno-economic simulation (Welkenhuysen et al., submitted)",Saline Aquifer without hydrocarbon fields,51.109240458560166,4.938632773582348,190000.0,200000.0,"Belgian datum 72, Lambert 1972",31370.0,7.0,17.0,413.0,,,,,,,,,,,,,,,,,,,,,,,,
CO2StoP,BE,BE_F_20121002154511843,,5,4.0,Dinantian South FM,great conflict with geothermal energy,Saline Aquifer without hydrocarbon fields,50.45316890464028,3.832407751262484,112000.0,127000.0,"Belgian datum 72, Lambert 1972",31370.0,25.0,88.0,740.0,,,,,,,,,,,,,81.0,161.0,201.0,,,,1600.0,,,,,
CO2StoP,BG,BG_F_20121113110644440,,5,4.0,Middle Devonian carbonates,,Saline Aquifer without hydrocarbon fields,26.9256,43.1977,26.9256,43.1977,WGS 84,4326.0,15.0,17.5,25.0,,,,,,,,,,,,,200.0,240.0,280.0,250.0,320.0,380.0,,,,,,
CO2StoP,BG,BG_F_20121113111847261,,5,4.0,Middle Jurassic clastics,,Saline Aquifer without hydrocarbon fields,26.2264,43.3476,26.2264,43.3476,WGS 84,4326.0,18.0,21.6,25.0,,,,,,,,,,,,,130.0,140.0,155.0,135.0,145.0,160.0,,,,,,
CO2StoP,BG,BG_F_20121113111934576,,5,4.0,Lower Cretaceous,,Saline Aquifer without hydrocarbon fields,25.1576,43.3588,25.1576,43.3588,WGS 84,4326.0,400.0,460.0,550.0,,,,,,,,,,,,,75.0,90.0,100.0,75.0,90.0,100.0,,,,,,
CO2StoP,BG,BG_F_20121113111934576,,5,4.0,Lower Cretaceous,,Saline Aquifer without hydrocarbon fields,25.1576,43.3588,25.1576,43.3588,WGS 84,4326.0,1600.0,1800.0,2000.0,,,,,,,,,,,,,80.0,100.0,120.0,80.0,100.0,120.0,,,,,,
CO2StoP,BG,BG_F_20121113112917939,,5,4.0,Upper Cretaceous,,Saline Aquifer without hydrocarbon fields,26.7248,42.4878,26.7248,42.4878,WGS 84,4326.0,22.0,27.0,65.0,,,,,,,,,,,,,120.0,150.0,200.0,150.0,200.0,250.0,,,,,,
CO2StoP,BG,BG_F_20121113112917939,,5,4.0,Upper Cretaceous,,Saline Aquifer without hydrocarbon fields,26.7248,42.4878,26.7248,42.4878,WGS 84,4326.0,19.0,24.0,86.0,,,,,,,,,,,,,120.0,150.0,200.0,150.0,200.0,250.0,,,,,,
CO2StoP,BG,BG_F_20121113112957329,,5,4.0,Middle Eocene,,Saline Aquifer without hydrocarbon fields,25.327,42.1999,25.327,42.1999,WGS 84,4326.0,80.0,85.0,105.0,,,,,,,,,,,,,80.0,100.0,130.0,85.0,110.0,140.0,,,,,,
CO2StoP,BG,BG_F_20121113112957329,,5,4.0,Middle Eocene,,Saline Aquifer without hydrocarbon fields,25.327,42.1999,25.327,42.1999,WGS 84,4326.0,70.0,72.0,90.0,,,,,,,,,,,,,80.0,100.0,130.0,85.0,110.0,140.0,,,,,,
CO2StoP,BG,BG_F_20121113113042054,,5,,Middle-Upper Eocene,,Saline Aquifer with hydrocarbon fields,27.84644,42.98744,27.84644,42.98744,WGS 84,4326.0,45.0,56.16,65.0,,,,,,,,,,,,,140.0,155.0,180.0,145.0,160.0,190.0,,,,,,
CO2StoP,CH,CH_F_20120911151242576,,5,4.0,Hauptrogenstein,"very limited knowledge of its aquifer properties, but it appears that the formation water is brackish (e.g. 2–4 g/L TDS)",Saline Aquifer without hydrocarbon fields,7.409306731,47.06715917,7.409306731,47.06715917,WGS84,4326.0,,240.0,,,,,,,,,,,,,,80.0,150.0,250.0,96.0,180.0,300.0,1500.0,,,,,
CO2StoP,CH,CH_F_20120912115738325,,5,4.0,Trigonodus Dolomite,"This reservoir has certainly also fracture porosity. The values for the Poro-Perm we used only considered plug porosity. So there is certainly an upside potential. Despite a high porosity of around 20%, the permeability is usually lower than 60 mD",Saline Aquifer without hydrocarbon fields,7.987217726,47.29608852,7.987217726,47.29608852,WGS84,4326.0,,708.0,,,,,,,,,,,,,,80.0,150.0,250.0,96.0,180.0,300.0,1500.0,,,,,
CO2StoP,CH,CH_F_20120912122014497,,5,4.0,Upper Marine Molasse,,Saline Aquifer without hydrocarbon fields,9.130964441,47.40419935,9.130964441,47.40419935,WGS84,4326.0,,251.0,,,,,,,,,,,,,,80.0,125.0,130.0,36.0,150.0,59.0,1250.0,,,,,
CO2StoP,CH,CH_F_20120928140939203,,5,4.0,UpperMalm+Lower Cretaceous,This reservoir has certainly also fracture porosity. The values for the Poro-Perm we used only considered plug porosity. So there is certainly an upside potential,Saline Aquifer without hydrocarbon fields,7.706434637,47.06283897,7.706434637,47.06283897,WGS84,4326.0,,1479.0,,,,,,,,,,,,,,80.0,120.0,250.0,96.0,144.0,300.0,1200.0,,,,,
CO2StoP,CZ,CZ_F_20121019100338402,,5,4.0,Bohemian Permo-Carboniferous,"Limnic basin, no representative values for thickness, porosity or seal can be provided",Saline Aquifer without hydrocarbon fields,50.408762925529714,14.566644654675098,-727791.0,-1009088.0,S-JTSK_Krovak_East_North,5514.0,85.0,94.0,100.0,,,,,,,,,,,,,80.0,110.0,151.0,96.0,151.0,151.0,1100.0,,,,,
CO2StoP,CZ,CZ_F_20121019100338402,,5,4.0,Bohemian Permo-Carboniferous,"Limnic basin, no representative values for thickness, porosity or seal can be provided",Saline Aquifer without hydrocarbon fields,50.408762925529714,14.566644654675098,-727791.0,-1009088.0,S-JTSK_Krovak_East_North,5514.0,180.0,200.0,220.0,,,,,,,,,,,,,87.0,115.0,145.0,104.0,145.0,145.0,1130.0,,,,,
CO2StoP,CZ,CZ_F_20121019100338402,,5,4.0,Bohemian Permo-Carboniferous,"Limnic basin, no representative values for thickness, porosity or seal can be provided",Saline Aquifer without hydrocarbon fields,50.408762925529714,14.566644654675098,-727791.0,-1009088.0,S-JTSK_Krovak_East_North,5514.0,100.0,109.0,120.0,,,,,,,,,,,,,70.0,100.0,135.0,84.0,135.0,135.0,1000.0,,,,,
CO2StoP,CZ,CZ_F_20121019100338402,,5,4.0,Bohemian Permo-Carboniferous,"Limnic basin, no representative values for thickness, porosity or seal can be provided",Saline Aquifer without hydrocarbon fields,50.408762925529714,14.566644654675098,-727791.0,-1009088.0,S-JTSK_Krovak_East_North,5514.0,18.0,20.0,22.0,,,,,,,,,,,,,100.0,120.0,160.0,120.0,160.0,160.0,1200.0,,,,,
CO2StoP,ES,ES_F_20121021201148283,,5,4.0,Bunter Sandstone (Cantabrian Chain and Duero Basin),,Saline Aquifer without hydrocarbon fields,42.10998712609515,-4.260904241226617,395749.296,4662840.105,ED_1950_UTM_Zone_30N,23030.0,,47.25,,,,,,,,,,,,,,,131.0,,,,,1300.0,,,,,
CO2StoP,ES,ES_F_20121021201148283,,5,4.0,Bunter Sandstone (Cantabrian Chain and Duero Basin),,Saline Aquifer without hydrocarbon fields,42.10998712609515,-4.260904241226617,395749.296,4662840.105,ED_1950_UTM_Zone_30N,23030.0,,35.44,,,,,,,,,,,,,,,276.0,,,,,2750.0,,,,,
CO2StoP,ES,ES_F_20121021201148283,,5,4.0,Bunter Sandstone (Cantabrian Chain and Duero Basin),,Saline Aquifer without hydrocarbon fields,42.10998712609515,-4.260904241226617,395749.296,4662840.105,ED_1950_UTM_Zone_30N,23030.0,,132.19,,,,,,,,,,,,,,,276.0,,,,,2750.0,,,,,
CO2StoP,ES,ES_F_20121021201148283,,5,4.0,Bunter Sandstone (Cantabrian Chain and Duero Basin),,Saline Aquifer without hydrocarbon fields,42.10998712609515,-4.260904241226617,395749.296,4662840.105,ED_1950_UTM_Zone_30N,23030.0,,242.97,,,,,,,,,,,,,,,198.0,,,,,1965.0,,,,,
CO2StoP,ES,ES_F_20121021201148283,,5,4.0,Bunter Sandstone (Cantabrian Chain and Duero Basin),,Saline Aquifer without hydrocarbon fields,42.10998712609515,-4.260904241226617,395749.296,4662840.105,ED_1950_UTM_Zone_30N,23030.0,,75.27,,,,,,,,,,,,,,,196.0,,,,,1950.0,,,,,
CO2StoP,ES,ES_F_20121023122851984,,5,4.0,Buntsandstein facies (Pyrenees-Ebro Basin),,Saline Aquifer without hydrocarbon fields,41.557191498002595,-0.5579517052966649,703657.488,4603574.548,ED_1950_UTM_Zone_30N,23030.0,,95.64,,,,,,,,,,,,,,,111.0,,,,,1100.0,,,,,
CO2StoP,ES,ES_F_20121023122851984,,5,4.0,Buntsandstein facies (Pyrenees-Ebro Basin),,Saline Aquifer without hydrocarbon fields,41.557191498002595,-0.5579517052966649,703657.488,4603574.548,ED_1950_UTM_Zone_30N,23030.0,,31.05,,,,,,,,,,,,,,,101.0,,,,,1000.0,,,,,
CO2StoP,ES,ES_F_20121023122851984,,5,4.0,Buntsandstein facies (Pyrenees-Ebro Basin),,Saline Aquifer without hydrocarbon fields,41.557191498002595,-0.5579517052966649,703657.488,4603574.548,ED_1950_UTM_Zone_30N,23030.0,,1212.46,,,,,,,,,,,,,,,209.0,,,,,2080.0,,,,,
CO2StoP,ES,ES_F_20121023122851984,,5,4.0,Buntsandstein facies (Pyrenees-Ebro Basin),,Saline Aquifer without hydrocarbon fields,41.557191498002595,-0.5579517052966649,703657.488,4603574.548,ED_1950_UTM_Zone_30N,23030.0,,318.6,,,,,,,,,,,,,,,173.0,,,,,1720.0,,,,,
CO2StoP,ES,ES_F_20121023122851984,,5,4.0,Buntsandstein facies (Pyrenees-Ebro Basin),,Saline Aquifer without hydrocarbon fields,41.557191498002595,-0.5579517052966649,703657.488,4603574.548,ED_1950_UTM_Zone_30N,23030.0,,22.28,,,,,,,,,,,,,,,105.0,,,,,1040.0,,,,,
CO2StoP,ES,ES_F_20121023122851984,,5,4.0,Buntsandstein facies (Pyrenees-Ebro Basin),,Saline Aquifer without hydrocarbon fields,41.557191498002595,-0.5579517052966649,703657.488,4603574.548,ED_1950_UTM_Zone_30N,23030.0,,68.93,,,,,,,,,,,,,,,99.0,,,,,975.0,,,,,
CO2StoP,ES,ES_F_20121023132147228,,5,4.0,Early Cretaceous,,Saline Aquifer without hydrocarbon fields,42.74801268408796,-3.8668494516507126,429053.013,4733281.847,ED_1950_UTM_Zone_30N,23030.0,,198.45,,,,,,,,,,,,,,,237.0,,,,,2360.0,,,,,
CO2StoP,ES,ES_F_20121023132147228,,5,4.0,Early Cretaceous,,Saline Aquifer without hydrocarbon fields,42.74801268408796,-3.8668494516507126,429053.013,4733281.847,ED_1950_UTM_Zone_30N,23030.0,,139.97,,,,,,,,,,,,,,,86.0,,,,,850.0,,,,,
CO2StoP,ES,ES_F_20121023132147228,,5,4.0,Early Cretaceous,,Saline Aquifer without hydrocarbon fields,42.74801268408796,-3.8668494516507126,429053.013,4733281.847,ED_1950_UTM_Zone_30N,23030.0,,74.52,,,,,,,,,,,,,,,136.0,,,,,1350.0,,,,,
CO2StoP,ES,ES_F_20121023132147228,,5,4.0,Early Cretaceous,,Saline Aquifer without hydrocarbon fields,42.74801268408796,-3.8668494516507126,429053.013,4733281.847,ED_1950_UTM_Zone_30N,23030.0,,23.15,,,,,,,,,,,,,,,201.0,,,,,2000.0,,,,,
CO2StoP,ES,ES_F_20121023132147228,,5,4.0,Early Cretaceous,,Saline Aquifer without hydrocarbon fields,42.74801268408796,-3.8668494516507126,429053.013,4733281.847,ED_1950_UTM_Zone_30N,23030.0,,358.2,,,,,,,,,,,,,,,176.0,,,,,1750.0,,,,,
CO2StoP,ES,ES_F_20121023160316601,,5,4.0,Buntsandstein and Muschelkalk facies (Iberian Chain),"mixed lithology (sandstone, dolostone and shale)",Saline Aquifer without hydrocarbon fields,40.529683989264484,-2.5428629641501854,538719.726,4486727.619,ED_1950_UTM_Zone_30N,23030.0,,20.45,,,,,,,,,,,,,,,101.0,,,,,1000.0,,,,,
CO2StoP,ES,ES_F_20121023160316601,,5,4.0,Buntsandstein and Muschelkalk facies (Iberian Chain),"mixed lithology (sandstone, dolostone and shale)",Saline Aquifer without hydrocarbon fields,40.529683989264484,-2.5428629641501854,538719.726,4486727.619,ED_1950_UTM_Zone_30N,23030.0,,32.08,,,,,,,,,,,,,,,81.0,,,,,800.0,,,,,
CO2StoP,ES,ES_F_20121023160316601,,5,4.0,Buntsandstein and Muschelkalk facies (Iberian Chain),"mixed lithology (sandstone, dolostone and shale)",Saline Aquifer without hydrocarbon fields,40.529683989264484,-2.5428629641501854,538719.726,4486727.619,ED_1950_UTM_Zone_30N,23030.0,,123.96,,,,,,,,,,,,,,,151.0,,,,,1500.0,,,,,
CO2StoP,ES,ES_F_20121023160316601,,5,4.0,Buntsandstein and Muschelkalk facies (Iberian Chain),"mixed lithology (sandstone, dolostone and shale)",Saline Aquifer without hydrocarbon fields,40.529683989264484,-2.5428629641501854,538719.726,4486727.619,ED_1950_UTM_Zone_30N,23030.0,,90.4,,,,,,,,,,,,,,,211.0,,,,,2100.0,,,,,
CO2StoP,ES,ES_F_20121023160316601,,5,4.0,Buntsandstein and Muschelkalk facies (Iberian Chain),"mixed lithology (sandstone, dolostone and shale)",Saline Aquifer without hydrocarbon fields,40.529683989264484,-2.5428629641501854,538719.726,4486727.619,ED_1950_UTM_Zone_30N,23030.0,,61.28,,,,,,,,,,,,,,,256.0,,,,,2550.0,,,,,
CO2StoP,ES,ES_F_20121023160316601,,5,4.0,Buntsandstein and Muschelkalk facies (Iberian Chain),"mixed lithology (sandstone, dolostone and shale)",Saline Aquifer without hydrocarbon fields,40.529683989264484,-2.5428629641501854,538719.726,4486727.619,ED_1950_UTM_Zone_30N,23030.0,,397.74,,,,,,,,,,,,,,,131.0,,,,,1300.0,,,,,
CO2StoP,ES,ES_F_20121023160316601,,5,4.0,Buntsandstein and Muschelkalk facies (Iberian Chain),"mixed lithology (sandstone, dolostone and shale)",Saline Aquifer without hydrocarbon fields,40.529683989264484,-2.5428629641501854,538719.726,4486727.619,ED_1950_UTM_Zone_30N,23030.0,,51.65,,,,,,,,,,,,,,,121.0,,,,,1200.0,,,,,
CO2StoP,ES,ES_F_20121023160316601,,5,4.0,Buntsandstein and Muschelkalk facies (Iberian Chain),"mixed lithology (sandstone, dolostone and shale)",Saline Aquifer without hydrocarbon fields,40.529683989264484,-2.5428629641501854,538719.726,4486727.619,ED_1950_UTM_Zone_30N,23030.0,,34.78,,,,,,,,,,,,,,,196.0,,,,,1950.0,,,,,
CO2StoP,ES,ES_F_20121023160316601,,5,4.0,Buntsandstein and Muschelkalk facies (Iberian Chain),"mixed lithology (sandstone, dolostone and shale)",Saline Aquifer without hydrocarbon fields,40.529683989264484,-2.5428629641501854,538719.726,4486727.619,ED_1950_UTM_Zone_30N,23030.0,,41.77,,,,,,,,,,,,,,,56.0,,,,,550.0,,,,,
CO2StoP,ES,ES_F_20121023160316601,,5,4.0,Buntsandstein and Muschelkalk facies (Iberian Chain),"mixed lithology (sandstone, dolostone and shale)",Saline Aquifer without hydrocarbon fields,40.529683989264484,-2.5428629641501854,538719.726,4486727.619,ED_1950_UTM_Zone_30N,23030.0,,24.9,,,,,,,,,,,,,,,69.0,,,,,675.0,,,,,
CO2StoP,ES,ES_F_20121023160316601,,5,4.0,Buntsandstein and Muschelkalk facies (Iberian Chain),"mixed lithology (sandstone, dolostone and shale)",Saline Aquifer without hydrocarbon fields,40.529683989264484,-2.5428629641501854,538719.726,4486727.619,ED_1950_UTM_Zone_30N,23030.0,,80.59,,,,,,,,,,,,,,,101.0,,,,,1000.0,,,,,
CO2StoP,ES,ES_F_20121023211306533,,5,4.0,Mesozoic Formations of Bethic Chain and Guadalquivir Basin,,Saline Aquifer without hydrocarbon fields,38.279597276998246,-2.2979783741182436,561403.987,4237141.294,ED_1950_UTM_Zone_30N,23030.0,,338.69,,,,,,,,,,,,,,,81.0,,,,,800.0,,,,,
CO2StoP,ES,ES_F_20121023211306533,,5,4.0,Mesozoic Formations of Bethic Chain and Guadalquivir Basin,,Saline Aquifer without hydrocarbon fields,38.279597276998246,-2.2979783741182436,561403.987,4237141.294,ED_1950_UTM_Zone_30N,23030.0,,487.2,,,,,,,,,,,,,,,71.0,,,,,700.0,,,,,
CO2StoP,ES,ES_F_20121023211306533,,5,4.0,Mesozoic Formations of Bethic Chain and Guadalquivir Basin,,Saline Aquifer without hydrocarbon fields,38.279597276998246,-2.2979783741182436,561403.987,4237141.294,ED_1950_UTM_Zone_30N,23030.0,,191.1,,,,,,,,,,,,,,,111.0,,,,,1100.0,,,,,
CO2StoP,ES,ES_F_20121023211306533,,5,4.0,Mesozoic Formations of Bethic Chain and Guadalquivir Basin,,Saline Aquifer without hydrocarbon fields,38.279597276998246,-2.2979783741182436,561403.987,4237141.294,ED_1950_UTM_Zone_30N,23030.0,,179.93,,,,,,,,,,,,,,,151.0,,,,,1500.0,,,,,
CO2StoP,ES,ES_F_20121023211306533,,5,4.0,Mesozoic Formations of Bethic Chain and Guadalquivir Basin,,Saline Aquifer without hydrocarbon fields,38.279597276998246,-2.2979783741182436,561403.987,4237141.294,ED_1950_UTM_Zone_30N,23030.0,,225.12,,,,,,,,,,,,,,,151.0,,,,,1500.0,,,,,
CO2StoP,ES,ES_F_20121023211306533,,5,4.0,Mesozoic Formations of Bethic Chain and Guadalquivir Basin,,Saline Aquifer without hydrocarbon fields,38.279597276998246,-2.2979783741182436,561403.987,4237141.294,ED_1950_UTM_Zone_30N,23030.0,,413.48,,,,,,,,,,,,,,,86.0,,,,,,,,,,
CO2StoP,GR,GR_F_20121028173422377,,5,,W. Thessaloniki,,Saline Aquifer with hydrocarbon fields,43.36179160045988,20.832887762789394,243366.0,4805865.0,LAMBERT CONFORMAL CONIC - Project Projection,2100.0,600.0,610.0,620.0,,,,,,,,,,,,,160.0,180.0,210.0,400.0,400.0,400.0,1800.0,,,,,
CO2StoP,GR,GR_F_20121028174412573,,5,4.0,Grevena Basin,,Saline Aquifer without hydrocarbon fields,43.38687387847201,18.965806135549332,92225.0,4816100.0,LAMBERT CONFORMAL CONIC - Project Projection,2100.0,360.0,360.0,360.0,,,,,,,,,,,,,120.0,120.0,120.0,400.0,400.0,400.0,1100.0,,,,,
CO2StoP,IE,IE_F_20121003142436271,,5,4.0,Sherwood Sandstone Kish,Kish Bank Basin,Saline Aquifer without hydrocarbon fields,53.31785255284911,-5.793850235826713,347000.0,232000.0,TM65 Irish Grid,29902.0,,41.1,,,,,,,,,,,,,,,85.0,,,102.0,,750.0,,,,,
CO2StoP,IE,IE_F_20121003142436271,,5,4.0,Sherwood Sandstone Kish,Kish Bank Basin,Saline Aquifer without hydrocarbon fields,53.31785255284911,-5.793850235826713,347000.0,232000.0,TM65 Irish Grid,29902.0,,52.5,,,,,,,,,,,,,,,198.0,,,238.0,,1750.0,,,,,
CO2StoP,IE,IE_F_20121003142436271,,5,4.0,Sherwood Sandstone Kish,Kish Bank Basin,Saline Aquifer without hydrocarbon fields,53.31785255284911,-5.793850235826713,347000.0,232000.0,TM65 Irish Grid,29902.0,,34.5,,,,,,,,,,,,,,,141.0,,,169.0,,1250.0,,,,,
CO2StoP,IE,IE_F_20121003142436271,,5,4.0,Sherwood Sandstone Kish,Kish Bank Basin,Saline Aquifer without hydrocarbon fields,53.31785255284911,-5.793850235826713,347000.0,232000.0,TM65 Irish Grid,29902.0,,36.3,,,,,,,,,,,,,,,170.0,,,204.0,,1500.0,,,,,
CO2StoP,IE,IE_F_20121003142436271,,5,4.0,Sherwood Sandstone Kish,Kish Bank Basin,Saline Aquifer without hydrocarbon fields,53.31785255284911,-5.793850235826713,347000.0,232000.0,TM65 Irish Grid,29902.0,,57.2,,,,,,,,,,,,,,,198.0,,,238.0,,1750.0,,,,,
CO2StoP,IE,IE_F_20121003163102322,,5,4.0,Sherwood Sandstone CISB,"CISB, closures on Irish side of basin reported",Saline Aquifer without hydrocarbon fields,52.88303818067457,-5.206733736857437,388000.0,185000.0,TM65 Irish Grid,29902.0,,100.1,,,,,,,,,,,,,,,102.0,,,122.0,,,,,,,
CO2StoP,IE,IE_F_20121003163102322,,5,4.0,Sherwood Sandstone CISB,"CISB, closures on Irish side of basin reported",Saline Aquifer without hydrocarbon fields,52.88303818067457,-5.206733736857437,388000.0,185000.0,TM65 Irish Grid,29902.0,,166.4,,,,,,,,,,,,,,,102.0,,,122.0,,,,,,,
CO2StoP,IT,IT_F_20121001124148805,,5,4.0,Casirate 1 - Lombardia 1,,Saline Aquifer without hydrocarbon fields,9.563056,45.489722,9.563056,45.489722,x: long - y: lat - WGS84,4326.0,106.8,106.8,106.8,,,,,,,,,,,,,6.0,6.0,6.0,6.0,6.0,6.0,1185.0,,,,,
CO2StoP,IT,IT_F_20121004153029368,,5,4.0,Poggio Rusco 1 - Lombardia 3,,Saline Aquifer without hydrocarbon fields,11.176389,44.947222,11.176389,44.947222,x: long - y: lat - WGS84,4326.0,824.9472,824.9472,824.9472,,,,,,,,,,,,,,,,,,,1165.0,,,,,
CO2StoP,IT,IT_F_20121004163430395,,5,4.0,S.Pietro in Casale 3 - Emilia 1,,Saline Aquifer without hydrocarbon fields,11.391944,44.716667,11.391944,44.716667,x: long - y: lat - WGS84,4326.0,650.016,650.016,650.016,,,,,,,,,,,,,98.0,98.0,98.0,98.0,98.0,98.0,1253.0,,,,,
CO2StoP,IT,IT_F_20121009153149008,,5,4.0,Filetto1 - Emilia 2,,Saline Aquifer without hydrocarbon fields,12.071389,44.3225,12.071389,44.3225,x: long - y: lat - WGS84,4326.0,56.9772,56.9772,56.9772,,,,,,,,,,,,,,,,,,,1325.0,,,,,
CO2StoP,IT,IT_F_20121010122552181,,5,4.0,Serena Nord 1 - Emilia mare,,Saline Aquifer without hydrocarbon fields,12.959167,44.11,12.959167,44.11,x: long - y: lat - WGS84,4326.0,234.0,234.0,234.0,,,,,,,,,,,,,140.0,140.0,140.0,140.0,140.0,140.0,1325.0,,,,,
CO2StoP,IT,IT_F_20121010135221305,,5,4.0,Jesi 6 - Marche 1,,Saline Aquifer without hydrocarbon fields,13.260278,43.578611,13.260278,43.578611,x: long - y: lat - WGS84,4326.0,561.6,561.6,561.6,,,,,,,,,,,,,16.0,16.0,16.0,16.0,16.0,16.0,1300.0,,,,,
CO2StoP,IT,IT_F_20121010141900087,,5,4.0,Notaresco 1 - Abruzzi 1,,Saline Aquifer without hydrocarbon fields,13.956944,42.650833,13.956944,42.650833,x: long - y: lat - WGS84,4326.0,778.05,778.05,778.05,,,,,,,,,,,,,76.0,76.0,76.0,76.0,76.0,76.0,1295.0,,,,,
CO2StoP,IT,IT_F_20121010145802588,,5,4.0,Pomarico 7 - Basilicata 1,,Saline Aquifer without hydrocarbon fields,16.489444,40.518889,16.489444,40.518889,x: long - y: lat - WGS84,4326.0,766.35,766.35,766.35,,,,,,,,,,,,,,,,,,,1225.0,,,,,
CO2StoP,IT,IT_F_20121010152539660,,5,4.0,Licia 1 - Calabria 1,,Saline Aquifer without hydrocarbon fields,16.581111,39.665556,16.581111,39.665556,x: long - y: lat - WGS84,4326.0,79.56,79.56,79.56,,,,,,,,,,,,,,,,,,,1300.0,,,,,
CO2StoP,IT,IT_F_20121010153841021,,5,4.0,Lara 1 - Calabria mare 1,,Saline Aquifer without hydrocarbon fields,17.170833,39.213333,17.170833,39.213333,x: long - y: lat - WGS84,4326.0,205.7286,205.7286,205.7286,,,,,,,,,,,,,,,,,,,1062.5,,,,,
CO2StoP,IT,IT_F_20121010165100811,,5,4.0,Fosca 1 - Calabria mare 2,,Saline Aquifer without hydrocarbon fields,16.896944,38.438889,16.896944,38.438889,x: long - y: lat - WGS84,4326.0,186.732,186.732,186.732,,,,,,,,,,,,,,,,,,,1240.0,,,,,
CO2StoP,IT,IT_F_20121010170832724,,5,4.0,Biddusa 2 - Sicilia 1,,Saline Aquifer without hydrocarbon fields,12.508333,37.772778,12.508333,37.772778,x: long - y: lat - WGS84,4326.0,70.5024,70.5024,70.5024,,,,,,,,,,,,,,,,,,,1145.0,,,,,
CO2StoP,IT,IT_F_20121010172946255,,5,4.0,Furci 9 - Abruzzi 2,,Saline Aquifer without hydrocarbon fields,14.616389,42.098611,14.616389,42.098611,x: long - y: lat - WGS84,4326.0,54.756,54.756,54.756,,,,,,,,,,,,,,,,,,,1265.0,,,,,
CO2StoP,LT,LT_F_20121003145626765,,5,,Cambrian,"Quartz sandstone mainly fine-grained, rare shales",Saline Aquifer with hydrocarbon fields,23.96,55.18,23.96,55.18,WGS-84,4326.0,73.0,78.0,85.0,,,,,,,,,,,,,140.0,150.0,160.0,140.0,150.0,160.0,1500.0,,,,,
CO2StoP,NO,NO_F_20121106103651359,,5,4.0,Bryne and Sandnes,,Saline Aquifer without hydrocarbon fields,58.41296759602184,2.5169582694369574,471776.0,6474938.0,ED_1950_UTM_Zone_31N,23031.0,,2300.0,,,,,,,,,,,,,,,,,,,,2000.0,,,,,
CO2StoP,NO,NO_F_20121106104641695,,5,4.0,"Krossfjord, Fensfjord and Sognefjord",,Saline Aquifer without hydrocarbon fields,60.80651135121965,3.764971705379565,541627.0,6741638.0,ED_1950_UTM_Zone_31N,23031.0,,4090.0,,,,,,,,,,,,,,,,,,,,1750.0,,,,,
CO2StoP,NO,NO_F_20121106105012282,,5,4.0,Statfjord,,Saline Aquifer without hydrocarbon fields,60.15948183545713,3.90240383311921,550093.0,6669671.0,ED_1950_UTM_Zone_31N,23031.0,,3590.0,,,,,,,,,,,,,,,,,,,,2400.0,,,,,
CO2StoP,NO,NO_F_20121106131137919,,5,4.0,Gassum,,Saline Aquifer without hydrocarbon fields,57.48754832437794,7.226409164249907,753294.0,6379687.0,ED_1950_UTM_Zone_31N,23031.0,,2850.0,,,,,,,,,,,,,,,,,,,,1700.0,,,,,
CO2StoP,NO,NO_F_20121106131503819,,5,4.0,Johansen and Cook,,Saline Aquifer without hydrocarbon fields,60.75021192421284,3.627712819272034,534218.0,6735288.0,ED_1950_UTM_Zone_31N,23031.0,,1780.0,,,,,,,,,,,,,,,,,,,,1700.0,,,,,
CO2StoP,NO,NO_F_20121106132028120,,5,4.0,Fiskebank,,Saline Aquifer without hydrocarbon fields,56.93975716616058,5.702059953220389,664393.0,6314071.0,ED_1950_UTM_Zone_31N,23031.0,,960.0,,,,,,,,,,,,,,,,,,,,1600.0,,,,,
CO2StoP,NO,NO_F_20121107102744460,,5,4.0,Hugin,,Saline Aquifer without hydrocarbon fields,59.78241139267964,3.100505222418764,505643.0,6627338.0,ED_1950_UTM_Zone_31N,23031.0,,90.0,,,,,,,,,,,,,,,,,,,,1700.0,,,,,
CO2StoP,RO,RO_F_20121018105236206,,5,,Meotian Formation from Getic Depression,,Saline Aquifer with hydrocarbon fields,44.89925120852266,24.02716542227152,265284.403,4976058.665,UTM35N,32635.0,335.0,400.0,1343.0,,,,,,,,,,,,,78.0,,,93.6,,,,,,,,
CO2StoP,RO,RO_F_20121018105421026,,5,,Meotian Formation from Mio-Pliocene Subzone in Muntenia,,Saline Aquifer with hydrocarbon fields,45.08215985534731,26.081794750439684,427734.885,4992487.439,UTM35N,32635.0,994.3,1000.0,2485.6,,,,,,,,,,,,,100.0,,,120.0,,,,,,,,
CO2StoP,RO,RO_F_20121018110000024,,5,,Middle Devonian Formation from Moesian Platform,,Saline Aquifer with hydrocarbon fields,44.3532696197757,25.665158160355983,393617.051,4911977.333,UTM35N,32635.0,1674.8,1800.0,6699.4,,,,,,,,,,,,,400.0,,,480.0,,,,,,,,
CO2StoP,RO,RO_F_20121018110105635,,5,,Middle Jurassic Formation from Moesian Platform,,Saline Aquifer with hydrocarbon fields,44.32163175655995,25.534494526319534,383140.66,4908641.088,UTM35N,32635.0,1325.0,1500.0,2208.0,,,,,,,,,,,,,100.0,,,120.0,,,,,,,,
CO2StoP,RO,RO_F_20121018110153285,,5,,Miocene Formation from Pannonian Depression,,Saline Aquifer with hydrocarbon fields,46.550677572933445,21.86650903175559,106492.026,5168049.22,UTM35N,32635.0,2194.4,2400.0,4388.8,,,,,,,,,,,,,97.0,100.0,233.0,116.4,,,167.0,,,,,
CO2StoP,RO,RO_F_20121018110221773,,5,,Pliocene Formation from Pannonian Depression,,Saline Aquifer with hydrocarbon fields,46.41924320115881,21.59765455294524,84884.895,5154827.448,UTM35N,32635.0,676.4,800.0,2705.6,,,,,,,,,,,,,85.0,42.5,100.0,102.0,,,85.0,,,,,
CO2StoP,RO,RO_F_20121018110322201,,5,,Pontian Formation from Moesian Platform,,Saline Aquifer with hydrocarbon fields,44.5486947182055,25.588494621131645,387881.738,4933787.013,UTM35N,32635.0,1355.7,1500.0,12906.3,,,,,,,,,,,,,189.0,,200.0,240.0,,,,,,,,
CO2StoP,RO,RO_F_20121018110406427,,5,,Sarmatian Formation from Moesian Platform,,Saline Aquifer with hydrocarbon fields,44.51953286829627,25.45400318371485,377137.498,4930741.208,UTM35N,32635.0,912.4,1000.0,1459.8,,,,,,,,,,,,,90.0,,,108.0,,,,,,,,
CO2StoP,RO,RO_F_20121018110532335,,5,,Sarmatian Formation from North-Dobroudjan Promontory,,Saline Aquifer with hydrocarbon fields,45.92123490084516,27.66500285070773,551565.69,5085511.19,UTM35N,32635.0,6319.8,800.0,1239.6,,,,,,,,,,,,,105.0,,,126.0,,,,,,,,
CO2StoP,RO,RO_F_20121018110912872,,5,,Sarmatian Formation from Getic Depression,,Saline Aquifer with hydrocarbon fields,44.734537900337486,23.60639282993617,231298.029,4959065.638,UTM35N,32635.0,810.2,1000.0,3240.6,,,,,,,,,,,,,110.0,,,132.0,,,,,,,,
CO2StoP,RO,RO_F_20121018110957022,,5,,Sarmatian Formation  from Transylvanian Depression,,Saline Aquifer with hydrocarbon fields,46.376037411171204,24.583282154545866,314142.252,5138667.447,UTM35N,32635.0,2696.8,3000.0,5393.5,,,,,,,,,,,,,107.0,,,128.4,,,107.5,,,,,
CO2StoP,RO,RO_F_20121018111058243,,5,,Upper Burdigalian from Mio-Pliocene Subzone in Muntenia,aproximated polygon; real areal extent unknown so far,Saline Aquifer with hydrocarbon fields,45.03085247152876,25.954547892005465,417646.612,4986909.317,UTM35N,32635.0,234.4,300.0,937.7,,,,,,,,,,,,,100.0,,,120.0,,,,,,,,
CO2StoP,RO,RO_F_20121018112250180,,5,4.0,Silurian Formation from Moldavian Platform,,Saline Aquifer without hydrocarbon fields,47.077551703370204,27.128244647118628,509735.756,5213790.187,UTM35N,32635.0,1234.9,1400.0,4939.8,,,,,,,,,,,,,300.0,,,360.0,,,,,,,,
CO2StoP,RO,RO_F_20121018120046907,,5,,Sarmatian Formation from Moldavian Platform,,Saline Aquifer with hydrocarbon fields,47.20406460569248,27.044431703145666,503365.063,5227842.433,UTM35N,32635.0,603.2,700.0,2412.8,,,,,,,,,,,,,150.0,,,216.0,,,,,,,,
CO2StoP,RO,RO_F_20121018123247776,,5,4.0,Burdigalian Formation from Miocene Subzone in Moldavia,polygon aproximated; real areal extent unknown,Saline Aquifer without hydrocarbon fields,47.08856942828337,26.31876867425356,448294.731,5215231.719,UTM35N,32635.0,242.3,400.0,969.3,,,,,,,,,,,,,100.0,,,120.0,,,,,,,,
CO2StoP,SK,SK_F_20121005094655531,,5,,TransCarpathian basin Sarmathian,,Saline Aquifer with hydrocarbon fields,51.356530035373346,-66.07414335361415,127177.0,5711322.0,Lambert conformal conic,3035.0,900.0,1500.0,2939.0,,,,,,,,,,,,,95.0,110.0,126.0,117.0,126.0,135.0,1100.0,,,,,
CO2StoP,SK,SK_F_20121005103339437,,5,4.0,TransCarpathian Basin Pannonian,,Saline Aquifer without hydrocarbon fields,51.44354532861317,-65.94464681304821,139214.0,5708446.0,LAMBERT CONFORMAL CONIC - Project Projection,3035.0,51.0,223.0,519.0,,,,,,,,,,,,,68.0,75.0,82.0,75.0,82.0,90.0,750.0,,,,,
CO2StoP,SK,SK_F_20121024131353671,,5,4.0,Senne,"Private data, producing gas deposit",Saline Aquifer with hydrocarbon fields,51.504630030034384,-65.98719965345592,144164.013514,5714728.07958,LAMBERT CONFORMAL CONIC - Project Projection,3035.0,10.0,15.2,20.0,,,,,,,,,,,,,330.0,336.0,341.0,336.0,341.0,346.0,1900.0,,,,,
CO2StoP,SK,SK_F_20121025074735609,,5,4.0,Zavod - Mesozoic,"Producing gas, private company, data are not available",Saline Aquifer with hydrocarbon fields,48.57753273154539,-68.49047052417137,-211753.132929,5704069.02805,LAMBERT CONFORMAL CONIC - Project Projection,3035.0,15.5,18.8,20.2,,,,,,,,,,,,,90.0,100.0,120.0,100.0,120.0,130.0,1000.0,,,,,
